huge,heap,181980548
huge,mmap,181980548
eager,heap,1,addr,>,0x400000,addr,<,0x40d000
eager,mmap,1,addr,>,0x400000,addr,<,0x40d000
eager,heap,1,addr,>,0x60d000,addr,<,0x60e000
eager,mmap,1,addr,>,0x60d000,addr,<,0x60e000
eager,heap,1,addr,>,0x7fd400e00000,addr,<,0x7fd4017ff000
eager,mmap,1,addr,>,0x7fd400e00000,addr,<,0x7fd4017ff000
eager,heap,1,addr,>,0x7fd429000000,addr,<,0x7fd78c5ff000
eager,mmap,1,addr,>,0x7fd429000000,addr,<,0x7fd78c5ff000
eager,heap,1,addr,>,0x7fd929000000,addr,<,0x7ff3b83ff000
eager,mmap,1,addr,>,0x7fd929000000,addr,<,0x7ff3b83ff000
eager,heap,1,addr,>,0x7ff3b8500000,addr,<,0x7ff3b852e000
eager,mmap,1,addr,>,0x7ff3b8500000,addr,<,0x7ff3b852e000
eager,heap,1,addr,>,0x7ff3b8531000,addr,<,0x7ff3b855e000
eager,mmap,1,addr,>,0x7ff3b8531000,addr,<,0x7ff3b855e000
eager,heap,1,addr,>,0x7ff3b8562000,addr,<,0x7ff3b858f000
eager,mmap,1,addr,>,0x7ff3b8562000,addr,<,0x7ff3b858f000
eager,heap,1,addr,>,0x7ff3b8593000,addr,<,0x7ff3b85c0000
eager,mmap,1,addr,>,0x7ff3b8593000,addr,<,0x7ff3b85c0000
eager,heap,1,addr,>,0x7ff3b85c4000,addr,<,0x7ff3b85f1000
eager,mmap,1,addr,>,0x7ff3b85c4000,addr,<,0x7ff3b85f1000
eager,heap,1,addr,>,0x7ff3b85f5000,addr,<,0x7ffbfb1ff000
eager,mmap,1,addr,>,0x7ff3b85f5000,addr,<,0x7ffbfb1ff000
eager,heap,1,addr,>,0x7ffff5e00000,addr,<,0x7ffff67ff000
eager,mmap,1,addr,>,0x7ffff5e00000,addr,<,0x7ffff67ff000
eager,heap,1,addr,>,0x7ffff6932000,addr,<,0x7ffff6935000
eager,mmap,1,addr,>,0x7ffff6932000,addr,<,0x7ffff6935000
eager,heap,1,addr,>,0x7ffff6937000,addr,<,0x7ffff6941000
eager,mmap,1,addr,>,0x7ffff6937000,addr,<,0x7ffff6941000
eager,heap,1,addr,>,0x7ffff6b46000,addr,<,0x7ffff6b49000
eager,mmap,1,addr,>,0x7ffff6b46000,addr,<,0x7ffff6b49000
eager,heap,1,addr,>,0x7ffff6d4a000,addr,<,0x7ffff6d9f000
eager,mmap,1,addr,>,0x7ffff6d4a000,addr,<,0x7ffff6d9f000
eager,heap,1,addr,>,0x7ffff6db0000,addr,<,0x7ffff6e1f000
eager,mmap,1,addr,>,0x7ffff6db0000,addr,<,0x7ffff6e1f000
eager,heap,1,addr,>,0x7ffff6e30000,addr,<,0x7ffff6e6f000
eager,mmap,1,addr,>,0x7ffff6e30000,addr,<,0x7ffff6e6f000
eager,heap,1,addr,>,0x7ffff6e80000,addr,<,0x7ffff6e8f000
eager,mmap,1,addr,>,0x7ffff6e80000,addr,<,0x7ffff6e8f000
eager,heap,1,addr,>,0x7ffff6ea0000,addr,<,0x7ffff6ead000
eager,mmap,1,addr,>,0x7ffff6ea0000,addr,<,0x7ffff6ead000
eager,heap,1,addr,>,0x7ffff6eaf000,addr,<,0x7ffff6edb000
eager,mmap,1,addr,>,0x7ffff6eaf000,addr,<,0x7ffff6edb000
eager,heap,1,addr,>,0x7ffff6edd000,addr,<,0x7ffff6edf000
eager,mmap,1,addr,>,0x7ffff6edd000,addr,<,0x7ffff6edf000
eager,heap,1,addr,>,0x7ffff710f000,addr,<,0x7ffff7116000
eager,mmap,1,addr,>,0x7ffff710f000,addr,<,0x7ffff7116000
eager,heap,1,addr,>,0x7ffff7118000,addr,<,0x7ffff7318000
eager,mmap,1,addr,>,0x7ffff7118000,addr,<,0x7ffff7318000
eager,heap,1,addr,>,0x7ffff711a000,addr,<,0x7ffff712f000
eager,mmap,1,addr,>,0x7ffff711a000,addr,<,0x7ffff712f000
eager,heap,1,addr,>,0x7ffff7330000,addr,<,0x7ffff7331000
eager,mmap,1,addr,>,0x7ffff7330000,addr,<,0x7ffff7331000
eager,heap,1,addr,>,0x7ffff7335000,addr,<,0x7ffff734d000
eager,mmap,1,addr,>,0x7ffff7335000,addr,<,0x7ffff734d000
eager,heap,1,addr,>,0x7ffff734f000,addr,<,0x7ffff7355000
eager,mmap,1,addr,>,0x7ffff734f000,addr,<,0x7ffff7355000
eager,heap,1,addr,>,0x7ffff7357000,addr,<,0x7ffff737f000
eager,mmap,1,addr,>,0x7ffff7357000,addr,<,0x7ffff737f000
eager,heap,1,addr,>,0x7ffff7390000,addr,<,0x7ffff73ad000
eager,mmap,1,addr,>,0x7ffff7390000,addr,<,0x7ffff73ad000
eager,heap,1,addr,>,0x7ffff73af000,addr,<,0x7ffff73c2000
eager,mmap,1,addr,>,0x7ffff73af000,addr,<,0x7ffff73c2000
eager,heap,1,addr,>,0x7ffff73c4000,addr,<,0x7ffff73ca000
eager,mmap,1,addr,>,0x7ffff73c4000,addr,<,0x7ffff73ca000
eager,heap,1,addr,>,0x7ffff73d0000,addr,<,0x7ffff73df000
eager,mmap,1,addr,>,0x7ffff73d0000,addr,<,0x7ffff73df000
eager,heap,1,addr,>,0x7ffff7410000,addr,<,0x7ffff741a000
eager,mmap,1,addr,>,0x7ffff7410000,addr,<,0x7ffff741a000
eager,heap,1,addr,>,0x7ffff741c000,addr,<,0x7ffff7422000
eager,mmap,1,addr,>,0x7ffff741c000,addr,<,0x7ffff7422000
eager,heap,1,addr,>,0x7ffff7427000,addr,<,0x7ffff742f000
eager,mmap,1,addr,>,0x7ffff7427000,addr,<,0x7ffff742f000
eager,heap,1,addr,>,0x7ffff7636000,addr,<,0x7ffff76aa000
eager,mmap,1,addr,>,0x7ffff7636000,addr,<,0x7ffff76aa000
eager,heap,1,addr,>,0x7ffff76ac000,addr,<,0x7ffff76f3000
eager,mmap,1,addr,>,0x7ffff76ac000,addr,<,0x7ffff76f3000
eager,heap,1,addr,>,0x7ffff76f5000,addr,<,0x7ffff76ff000
eager,mmap,1,addr,>,0x7ffff76f5000,addr,<,0x7ffff76ff000
eager,heap,1,addr,>,0x7ffff7921000,addr,<,0x7ffff792a000
eager,mmap,1,addr,>,0x7ffff7921000,addr,<,0x7ffff792a000
eager,heap,1,addr,>,0x7ffff793c000,addr,<,0x7ffff795f000
eager,mmap,1,addr,>,0x7ffff793c000,addr,<,0x7ffff795f000
eager,heap,1,addr,>,0x7ffff7980000,addr,<,0x7ffff799b000
eager,mmap,1,addr,>,0x7ffff7980000,addr,<,0x7ffff799b000
eager,heap,1,addr,>,0x7ffff799d000,addr,<,0x7ffff79bf000
eager,mmap,1,addr,>,0x7ffff799d000,addr,<,0x7ffff79bf000
eager,heap,1,addr,>,0x7ffff7bc3000,addr,<,0x7ffff7bc8000
eager,mmap,1,addr,>,0x7ffff7bc3000,addr,<,0x7ffff7bc8000
eager,heap,1,addr,>,0x7ffff7bd0000,addr,<,0x7ffff7bd8000
eager,mmap,1,addr,>,0x7ffff7bd0000,addr,<,0x7ffff7bd8000
eager,heap,1,addr,>,0x7ffff7cd7000,addr,<,0x7ffff7cd8000
eager,mmap,1,addr,>,0x7ffff7cd7000,addr,<,0x7ffff7cd8000
eager,heap,1,addr,>,0x7ffff7dd8000,addr,<,0x7ffff7dfc000
eager,mmap,1,addr,>,0x7ffff7dd8000,addr,<,0x7ffff7dfc000
eager,heap,1,addr,>,0x7ffff7fde000,addr,<,0x7ffff7fe5000
eager,mmap,1,addr,>,0x7ffff7fde000,addr,<,0x7ffff7fe5000
eager,heap,1,addr,>,0x7ffff7ff6000,addr,<,0x7ffff7ff7000
eager,mmap,1,addr,>,0x7ffff7ff6000,addr,<,0x7ffff7ff7000
eager,heap,1,addr,>,0x7ffff7ffb000,addr,<,0x7ffff7ffe000
eager,mmap,1,addr,>,0x7ffff7ffb000,addr,<,0x7ffff7ffe000
eager,heap,1,addr,>,0x7fffffffa000,addr,<,0x7fffffffe000
eager,mmap,1,addr,>,0x7fffffffa000,addr,<,0x7fffffffe000
