huge,heap,2509876,addr,>,0x7fd527600000,addr,<,0x7ffff3600000
huge,mmap,2509876,addr,>,0x7fd527600000,addr,<,0x7ffff3600000
eager,heap,1,addr,>,0x400000,addr,<,0x426000
eager,mmap,1,addr,>,0x400000,addr,<,0x426000
eager,heap,1,addr,>,0x626000,addr,<,0x63d000
eager,mmap,1,addr,>,0x626000,addr,<,0x63d000
eager,heap,1,addr,>,0x7fd3d1000000,addr,<,0x7fd3fd7ff000
eager,mmap,1,addr,>,0x7fd3d1000000,addr,<,0x7fd3fd7ff000
eager,heap,1,addr,>,0x7fdad1000000,addr,<,0x7fdad19ff000
eager,mmap,1,addr,>,0x7fdad1000000,addr,<,0x7fdad19ff000
eager,heap,1,addr,>,0x7fdad5000000,addr,<,0x7fe0d85ff000
eager,mmap,1,addr,>,0x7fdad5000000,addr,<,0x7fe0d85ff000
eager,heap,1,addr,>,0x7fe0d8800000,addr,<,0x7fe5dc9ff000
eager,mmap,1,addr,>,0x7fe0d8800000,addr,<,0x7fe5dc9ff000
eager,heap,1,addr,>,0x7fe5dd800000,addr,<,0x7fe5e05ff000
eager,mmap,1,addr,>,0x7fe5dd800000,addr,<,0x7fe5e05ff000
eager,heap,1,addr,>,0x7fe5e0800000,addr,<,0x7fe9e2dff000
eager,mmap,1,addr,>,0x7fe5e0800000,addr,<,0x7fe9e2dff000
eager,heap,1,addr,>,0x7fe9e3000000,addr,<,0x7ff064dff000
eager,mmap,1,addr,>,0x7fe9e3000000,addr,<,0x7ff064dff000
eager,heap,1,addr,>,0x7ff065000000,addr,<,0x7ff2e71ff000
eager,mmap,1,addr,>,0x7ff065000000,addr,<,0x7ff2e71ff000
eager,heap,1,addr,>,0x7ff2e7800000,addr,<,0x7ff2e91ff000
eager,mmap,1,addr,>,0x7ff2e7800000,addr,<,0x7ff2e91ff000
eager,heap,1,addr,>,0x7ff2e9400000,addr,<,0x7ff96d1ff000
eager,mmap,1,addr,>,0x7ff2e9400000,addr,<,0x7ff96d1ff000
eager,heap,1,addr,>,0x7ff96d400000,addr,<,0x7ffe8ccb4000
eager,mmap,1,addr,>,0x7ff96d400000,addr,<,0x7ffe8ccb4000
eager,heap,1,addr,>,0x7ffe8cdb3000,addr,<,0x7ffef9500000
eager,mmap,1,addr,>,0x7ffe8cdb3000,addr,<,0x7ffef9500000
eager,heap,1,addr,>,0x7ffef9601000,addr,<,0x7fffbe1ff000
eager,mmap,1,addr,>,0x7ffef9601000,addr,<,0x7fffbe1ff000
eager,heap,1,addr,>,0x7fffbe2f7000,addr,<,0x7fffe7215000
eager,mmap,1,addr,>,0x7fffbe2f7000,addr,<,0x7fffe7215000
eager,heap,1,addr,>,0x7fffe72f7000,addr,<,0x7fffe8e11000
eager,mmap,1,addr,>,0x7fffe72f7000,addr,<,0x7fffe8e11000
eager,heap,1,addr,>,0x7fffe8ef7000,addr,<,0x7fffea60d000
eager,mmap,1,addr,>,0x7fffe8ef7000,addr,<,0x7fffea60d000
eager,heap,1,addr,>,0x7fffea6f7000,addr,<,0x7fffeba09000
eager,mmap,1,addr,>,0x7fffea6f7000,addr,<,0x7fffeba09000
eager,heap,1,addr,>,0x7fffebaf7000,addr,<,0x7fffeca05000
eager,mmap,1,addr,>,0x7fffebaf7000,addr,<,0x7fffeca05000
eager,heap,1,addr,>,0x7fffecaf7000,addr,<,0x7fffed803000
eager,mmap,1,addr,>,0x7fffecaf7000,addr,<,0x7fffed803000
eager,heap,1,addr,>,0x7fffed8f7000,addr,<,0x7fffee401000
eager,mmap,1,addr,>,0x7fffed8f7000,addr,<,0x7fffee401000
eager,heap,1,addr,>,0x7fffee4f7000,addr,<,0x7fffeedff000
eager,mmap,1,addr,>,0x7fffee4f7000,addr,<,0x7fffeedff000
eager,heap,1,addr,>,0x7fffeeef7000,addr,<,0x7fffef5ff000
eager,mmap,1,addr,>,0x7fffeeef7000,addr,<,0x7fffef5ff000
eager,heap,1,addr,>,0x7fffef6f7000,addr,<,0x7fffefcfc000
eager,mmap,1,addr,>,0x7fffef6f7000,addr,<,0x7fffefcfc000
eager,heap,1,addr,>,0x7fffefdf7000,addr,<,0x7ffff02fb000
eager,mmap,1,addr,>,0x7fffefdf7000,addr,<,0x7ffff02fb000
eager,heap,1,addr,>,0x7ffff03f7000,addr,<,0x7ffff07ff000
eager,mmap,1,addr,>,0x7ffff03f7000,addr,<,0x7ffff07ff000
eager,heap,1,addr,>,0x7ffff08f7000,addr,<,0x7ffff0bff000
eager,mmap,1,addr,>,0x7ffff08f7000,addr,<,0x7ffff0bff000
eager,heap,1,addr,>,0x7ffff0cf7000,addr,<,0x7ffff1051000
eager,mmap,1,addr,>,0x7ffff0cf7000,addr,<,0x7ffff1051000
eager,heap,1,addr,>,0x7ffff1077000,addr,<,0x7ffff107c000
eager,mmap,1,addr,>,0x7ffff1077000,addr,<,0x7ffff107c000
eager,heap,1,addr,>,0x7ffff1080000,addr,<,0x7ffff1085000
eager,mmap,1,addr,>,0x7ffff1080000,addr,<,0x7ffff1085000
eager,heap,1,addr,>,0x7ffff1089000,addr,<,0x7ffff108e000
eager,mmap,1,addr,>,0x7ffff1089000,addr,<,0x7ffff108e000
eager,heap,1,addr,>,0x7ffff1092000,addr,<,0x7ffff1097000
eager,mmap,1,addr,>,0x7ffff1092000,addr,<,0x7ffff1097000
eager,heap,1,addr,>,0x7ffff109b000,addr,<,0x7ffff10a0000
eager,mmap,1,addr,>,0x7ffff109b000,addr,<,0x7ffff10a0000
eager,heap,1,addr,>,0x7ffff10a4000,addr,<,0x7ffff10a9000
eager,mmap,1,addr,>,0x7ffff10a4000,addr,<,0x7ffff10a9000
eager,heap,1,addr,>,0x7ffff10ad000,addr,<,0x7ffff12b4000
eager,mmap,1,addr,>,0x7ffff10ad000,addr,<,0x7ffff12b4000
eager,heap,1,addr,>,0x7ffff1b74000,addr,<,0x7ffff1b77000
eager,mmap,1,addr,>,0x7ffff1b74000,addr,<,0x7ffff1b77000
eager,heap,1,addr,>,0x7ffff2375000,addr,<,0x7ffff2378000
eager,mmap,1,addr,>,0x7ffff2375000,addr,<,0x7ffff2378000
eager,heap,1,addr,>,0x7ffff2b77000,addr,<,0x7ffff2b79000
eager,mmap,1,addr,>,0x7ffff2b77000,addr,<,0x7ffff2b79000
eager,heap,1,addr,>,0x7ffff3377000,addr,<,0x7ffff337b000
eager,mmap,1,addr,>,0x7ffff3377000,addr,<,0x7ffff337b000
eager,heap,1,addr,>,0x7ffff33b5000,addr,<,0x7ffff33b7000
eager,mmap,1,addr,>,0x7ffff33b5000,addr,<,0x7ffff33b7000
eager,heap,1,addr,>,0x7ffff33bc000,addr,<,0x7ffff35bc000
eager,mmap,1,addr,>,0x7ffff33bc000,addr,<,0x7ffff35bc000
eager,heap,1,addr,>,0x7ffff33bf000,addr,<,0x7ffff35bf000
eager,mmap,1,addr,>,0x7ffff33bf000,addr,<,0x7ffff35bf000
eager,heap,1,addr,>,0x7ffff33c1000,addr,<,0x7ffff33e3000
eager,mmap,1,addr,>,0x7ffff33c1000,addr,<,0x7ffff33e3000
eager,heap,1,addr,>,0x7ffff33ea000,addr,<,0x7ffff35ea000
eager,mmap,1,addr,>,0x7ffff33ea000,addr,<,0x7ffff35ea000
eager,heap,1,addr,>,0x7ffff340d000,addr,<,0x7ffff3419000
eager,mmap,1,addr,>,0x7ffff340d000,addr,<,0x7ffff3419000
eager,heap,1,addr,>,0x7ffff3420000,addr,<,0x7ffff3620000
eager,mmap,1,addr,>,0x7ffff3420000,addr,<,0x7ffff3620000
eager,heap,1,addr,>,0x7ffff3425000,addr,<,0x7ffff3426000
eager,mmap,1,addr,>,0x7ffff3425000,addr,<,0x7ffff3426000
eager,heap,1,addr,>,0x7ffff3438000,addr,<,0x7ffff3638000
eager,mmap,1,addr,>,0x7ffff3438000,addr,<,0x7ffff3638000
eager,heap,1,addr,>,0x7ffff344d000,addr,<,0x7ffff3455000
eager,mmap,1,addr,>,0x7ffff344d000,addr,<,0x7ffff3455000
eager,heap,1,addr,>,0x7ffff3459000,addr,<,0x7ffff3460000
eager,mmap,1,addr,>,0x7ffff3459000,addr,<,0x7ffff3460000
eager,heap,1,addr,>,0x7ffff3464000,addr,<,0x7ffff3469000
eager,mmap,1,addr,>,0x7ffff3464000,addr,<,0x7ffff3469000
eager,heap,1,addr,>,0x7ffff346d000,addr,<,0x7ffff3472000
eager,mmap,1,addr,>,0x7ffff346d000,addr,<,0x7ffff3472000
eager,heap,1,addr,>,0x7ffff3474000,addr,<,0x7ffff3674000
eager,mmap,1,addr,>,0x7ffff3474000,addr,<,0x7ffff3674000
eager,heap,1,addr,>,0x7ffff3476000,addr,<,0x7ffff357d000
eager,mmap,1,addr,>,0x7ffff3476000,addr,<,0x7ffff357d000
eager,heap,1,addr,>,0x7ffff3581000,addr,<,0x7ffff3586000
eager,mmap,1,addr,>,0x7ffff3581000,addr,<,0x7ffff3586000
eager,heap,1,addr,>,0x7ffff358a000,addr,<,0x7ffff358f000
eager,mmap,1,addr,>,0x7ffff358a000,addr,<,0x7ffff358f000
eager,heap,1,addr,>,0x7ffff3592000,addr,<,0x7ffff3598000
eager,mmap,1,addr,>,0x7ffff3592000,addr,<,0x7ffff3598000
eager,heap,1,addr,>,0x7ffff359a000,addr,<,0x7ffff379a000
eager,mmap,1,addr,>,0x7ffff359a000,addr,<,0x7ffff379a000
eager,heap,1,addr,>,0x7ffff359c000,addr,<,0x7ffff35a1000
eager,mmap,1,addr,>,0x7ffff359c000,addr,<,0x7ffff35a1000
eager,heap,1,addr,>,0x7ffff35a5000,addr,<,0x7ffff35aa000
eager,mmap,1,addr,>,0x7ffff35a5000,addr,<,0x7ffff35aa000
eager,heap,1,addr,>,0x7ffff35ad000,addr,<,0x7ffff35d0000
eager,mmap,1,addr,>,0x7ffff35ad000,addr,<,0x7ffff35d0000
eager,heap,1,addr,>,0x7ffff35d2000,addr,<,0x7ffff35d8000
eager,mmap,1,addr,>,0x7ffff35d2000,addr,<,0x7ffff35d8000
eager,heap,1,addr,>,0x7ffff35db000,addr,<,0x7ffff35e1000
eager,mmap,1,addr,>,0x7ffff35db000,addr,<,0x7ffff35e1000
eager,heap,1,addr,>,0x7ffff35e4000,addr,<,0x7ffff35ea000
eager,mmap,1,addr,>,0x7ffff35e4000,addr,<,0x7ffff35ea000
eager,heap,1,addr,>,0x7ffff35ed000,addr,<,0x7ffff35f1000
eager,mmap,1,addr,>,0x7ffff35ed000,addr,<,0x7ffff35f1000
eager,heap,1,addr,>,0x7ffff35f6000,addr,<,0x7ffff35f9000
eager,mmap,1,addr,>,0x7ffff35f6000,addr,<,0x7ffff35f9000
eager,heap,1,addr,>,0x7ffff3df8000,addr,<,0x7ffff3dfb000
eager,mmap,1,addr,>,0x7ffff3df8000,addr,<,0x7ffff3dfb000
eager,heap,1,addr,>,0x7ffff45f7000,addr,<,0x7ffff45fc000
eager,mmap,1,addr,>,0x7ffff45f7000,addr,<,0x7ffff45fc000
eager,heap,1,addr,>,0x7ffff4dfa000,addr,<,0x7ffff4dfd000
eager,mmap,1,addr,>,0x7ffff4dfa000,addr,<,0x7ffff4dfd000
eager,heap,1,addr,>,0x7ffff55f9000,addr,<,0x7ffff55fe000
eager,mmap,1,addr,>,0x7ffff55f9000,addr,<,0x7ffff55fe000
eager,heap,1,addr,>,0x7ffff5c00000,addr,<,0x7ffff65ff000
eager,mmap,1,addr,>,0x7ffff5c00000,addr,<,0x7ffff65ff000
eager,heap,1,addr,>,0x7ffff68fe000,addr,<,0x7ffff68ff000
eager,mmap,1,addr,>,0x7ffff68fe000,addr,<,0x7ffff68ff000
eager,heap,1,addr,>,0x7ffff6b02000,addr,<,0x7ffff6b03000
eager,mmap,1,addr,>,0x7ffff6b02000,addr,<,0x7ffff6b03000
eager,heap,1,addr,>,0x7ffff6ded000,addr,<,0x7ffff6df6000
eager,mmap,1,addr,>,0x7ffff6ded000,addr,<,0x7ffff6df6000
eager,heap,1,addr,>,0x7ffff6e08000,addr,<,0x7ffff7008000
eager,mmap,1,addr,>,0x7ffff6e08000,addr,<,0x7ffff7008000
eager,heap,1,addr,>,0x7ffff6e0a000,addr,<,0x7ffff6e0b000
eager,mmap,1,addr,>,0x7ffff6e0a000,addr,<,0x7ffff6e0b000
eager,heap,1,addr,>,0x7ffff710c000,addr,<,0x7ffff71af000
eager,mmap,1,addr,>,0x7ffff710c000,addr,<,0x7ffff71af000
eager,heap,1,addr,>,0x7ffff71c0000,addr,<,0x7ffff71df000
eager,mmap,1,addr,>,0x7ffff71c0000,addr,<,0x7ffff71df000
eager,heap,1,addr,>,0x7ffff71f0000,addr,<,0x7ffff724f000
eager,mmap,1,addr,>,0x7ffff71f0000,addr,<,0x7ffff724f000
eager,heap,1,addr,>,0x7ffff7260000,addr,<,0x7ffff726f000
eager,mmap,1,addr,>,0x7ffff7260000,addr,<,0x7ffff726f000
eager,heap,1,addr,>,0x7ffff7271000,addr,<,0x7ffff729d000
eager,mmap,1,addr,>,0x7ffff7271000,addr,<,0x7ffff729d000
eager,heap,1,addr,>,0x7ffff729f000,addr,<,0x7ffff749f000
eager,mmap,1,addr,>,0x7ffff729f000,addr,<,0x7ffff749f000
eager,heap,1,addr,>,0x7ffff74d1000,addr,<,0x7ffff74d8000
eager,mmap,1,addr,>,0x7ffff74d1000,addr,<,0x7ffff74d8000
eager,heap,1,addr,>,0x7ffff74da000,addr,<,0x7ffff74ef000
eager,mmap,1,addr,>,0x7ffff74da000,addr,<,0x7ffff74ef000
eager,heap,1,addr,>,0x7ffff76f2000,addr,<,0x7ffff76f3000
eager,mmap,1,addr,>,0x7ffff76f2000,addr,<,0x7ffff76f3000
eager,heap,1,addr,>,0x7ffff76f7000,addr,<,0x7ffff770f000
eager,mmap,1,addr,>,0x7ffff76f7000,addr,<,0x7ffff770f000
eager,heap,1,addr,>,0x7ffff7711000,addr,<,0x7ffff773d000
eager,mmap,1,addr,>,0x7ffff7711000,addr,<,0x7ffff773d000
eager,heap,1,addr,>,0x7ffff793d000,addr,<,0x7ffff793e000
eager,mmap,1,addr,>,0x7ffff793d000,addr,<,0x7ffff793e000
eager,heap,1,addr,>,0x7ffff7940000,addr,<,0x7ffff795f000
eager,mmap,1,addr,>,0x7ffff7940000,addr,<,0x7ffff795f000
eager,heap,1,addr,>,0x7ffff7980000,addr,<,0x7ffff799b000
eager,mmap,1,addr,>,0x7ffff7980000,addr,<,0x7ffff799b000
eager,heap,1,addr,>,0x7ffff799d000,addr,<,0x7ffff79bf000
eager,mmap,1,addr,>,0x7ffff799d000,addr,<,0x7ffff79bf000
eager,heap,1,addr,>,0x7ffff7bc3000,addr,<,0x7ffff7bc8000
eager,mmap,1,addr,>,0x7ffff7bc3000,addr,<,0x7ffff7bc8000
eager,heap,1,addr,>,0x7ffff7bd0000,addr,<,0x7ffff7bd8000
eager,mmap,1,addr,>,0x7ffff7bd0000,addr,<,0x7ffff7bd8000
eager,heap,1,addr,>,0x7ffff7cd7000,addr,<,0x7ffff7cd8000
eager,mmap,1,addr,>,0x7ffff7cd7000,addr,<,0x7ffff7cd8000
eager,heap,1,addr,>,0x7ffff7dd8000,addr,<,0x7ffff7dfc000
eager,mmap,1,addr,>,0x7ffff7dd8000,addr,<,0x7ffff7dfc000
eager,heap,1,addr,>,0x7ffff7fdd000,addr,<,0x7ffff7fe5000
eager,mmap,1,addr,>,0x7ffff7fdd000,addr,<,0x7ffff7fe5000
eager,heap,1,addr,>,0x7ffff7ff7000,addr,<,0x7ffff81f7000
eager,mmap,1,addr,>,0x7ffff7ff7000,addr,<,0x7ffff81f7000
eager,heap,1,addr,>,0x7ffff7ffb000,addr,<,0x7ffff7ffe000
eager,mmap,1,addr,>,0x7ffff7ffb000,addr,<,0x7ffff7ffe000
eager,heap,1,addr,>,0x7fffffffa000,addr,<,0x7fffffffe000
eager,mmap,1,addr,>,0x7fffffffa000,addr,<,0x7fffffffe000
