huge,heap,23262478,addr,>,0x7ff3d4200000,addr,<,0x7ffec2600000
huge,mmap,23262478,addr,>,0x7ff3d4200000,addr,<,0x7ffec2600000
eager,heap,1,addr,>,0x555555554000,addr,<,0x5555555de000
eager,mmap,1,addr,>,0x555555554000,addr,<,0x5555555de000
eager,heap,1,addr,>,0x5555555e0000,addr,<,0x555555618000
eager,mmap,1,addr,>,0x5555555e0000,addr,<,0x555555618000
eager,heap,1,addr,>,0x55555561a000,addr,<,0x55555561f000
eager,mmap,1,addr,>,0x55555561a000,addr,<,0x55555561f000
eager,heap,1,addr,>,0x555555837000,addr,<,0x555555852000
eager,mmap,1,addr,>,0x555555837000,addr,<,0x555555852000
eager,heap,1,addr,>,0x7ff2b6200000,addr,<,0x7ff2ba1ff000
eager,mmap,1,addr,>,0x7ff2b6200000,addr,<,0x7ff2ba1ff000
eager,heap,1,addr,>,0x7ff2bd200000,addr,<,0x7ff2bd5ff000
eager,mmap,1,addr,>,0x7ff2bd200000,addr,<,0x7ff2bd5ff000
eager,heap,1,addr,>,0x7ff2c3200000,addr,<,0x7ff31e063000
eager,mmap,1,addr,>,0x7ff2c3200000,addr,<,0x7ff31e063000
eager,heap,1,addr,>,0x7ff31e066000,addr,<,0x7ff3319fb000
eager,mmap,1,addr,>,0x7ff31e066000,addr,<,0x7ff3319fb000
eager,heap,1,addr,>,0x7ff3319fd000,addr,<,0x7ff33dd93000
eager,mmap,1,addr,>,0x7ff3319fd000,addr,<,0x7ff33dd93000
eager,heap,1,addr,>,0x7ff33dd95000,addr,<,0x7ff350430000
eager,mmap,1,addr,>,0x7ff33dd95000,addr,<,0x7ff350430000
eager,heap,1,addr,>,0x7ff350433000,addr,<,0x7ff37825d000
eager,mmap,1,addr,>,0x7ff350433000,addr,<,0x7ff37825d000
eager,heap,1,addr,>,0x7ff378260000,addr,<,0x7ff3a2fb9000
eager,mmap,1,addr,>,0x7ff378260000,addr,<,0x7ff3a2fb9000
eager,heap,1,addr,>,0x7ff3a2fbc000,addr,<,0x7ff3ab790000
eager,mmap,1,addr,>,0x7ff3a2fbc000,addr,<,0x7ff3ab790000
eager,heap,1,addr,>,0x7ff3ab793000,addr,<,0x7ff3b4a33000
eager,mmap,1,addr,>,0x7ff3ab793000,addr,<,0x7ff3b4a33000
eager,heap,1,addr,>,0x7ff3b4a35000,addr,<,0x7ff3ba5de000
eager,mmap,1,addr,>,0x7ff3b4a35000,addr,<,0x7ff3ba5de000
eager,heap,1,addr,>,0x7ff3ba5e0000,addr,<,0x7ff3c02a2000
eager,mmap,1,addr,>,0x7ff3ba5e0000,addr,<,0x7ff3c02a2000
eager,heap,1,addr,>,0x7ff3c02a4000,addr,<,0x7ff3cd509000
eager,mmap,1,addr,>,0x7ff3c02a4000,addr,<,0x7ff3cd509000
eager,heap,1,addr,>,0x7ff3cd50b000,addr,<,0x7ff3cf39f000
eager,mmap,1,addr,>,0x7ff3cd50b000,addr,<,0x7ff3cf39f000
eager,heap,1,addr,>,0x7ff3cf3a2000,addr,<,0x7ff4242f4000
eager,mmap,1,addr,>,0x7ff3cf3a2000,addr,<,0x7ff4242f4000
eager,heap,1,addr,>,0x7ff4242f7000,addr,<,0x7ff42533d000
eager,mmap,1,addr,>,0x7ff4242f7000,addr,<,0x7ff42533d000
eager,heap,1,addr,>,0x7ff425340000,addr,<,0x7ff43ad26000
eager,mmap,1,addr,>,0x7ff425340000,addr,<,0x7ff43ad26000
eager,heap,1,addr,>,0x7ff43ad28000,addr,<,0x7ff43af28000
eager,mmap,1,addr,>,0x7ff43ad28000,addr,<,0x7ff43af28000
eager,heap,1,addr,>,0x7ff43ad2a000,addr,<,0x7ff43ad6a000
eager,mmap,1,addr,>,0x7ff43ad2a000,addr,<,0x7ff43ad6a000
eager,heap,1,addr,>,0x7ff43ad6c000,addr,<,0x7ff43ad83000
eager,mmap,1,addr,>,0x7ff43ad6c000,addr,<,0x7ff43ad83000
eager,heap,1,addr,>,0x7ff43ad86000,addr,<,0x7ff43ae24000
eager,mmap,1,addr,>,0x7ff43ad86000,addr,<,0x7ff43ae24000
eager,heap,1,addr,>,0x7ff43ae26000,addr,<,0x7ff43b02d000
eager,mmap,1,addr,>,0x7ff43ae26000,addr,<,0x7ff43b02d000
eager,heap,1,addr,>,0x7ff43b030000,addr,<,0x7ff43b03e000
eager,mmap,1,addr,>,0x7ff43b030000,addr,<,0x7ff43b03e000
eager,heap,1,addr,>,0x7ff43b040000,addr,<,0x7ff43c00c000
eager,mmap,1,addr,>,0x7ff43b040000,addr,<,0x7ff43c00c000
eager,heap,1,addr,>,0x7ff43c00e000,addr,<,0x7ff43c082000
eager,mmap,1,addr,>,0x7ff43c00e000,addr,<,0x7ff43c082000
eager,heap,1,addr,>,0x7ff43c084000,addr,<,0x7ff43c098000
eager,mmap,1,addr,>,0x7ff43c084000,addr,<,0x7ff43c098000
eager,heap,1,addr,>,0x7ff43c09b000,addr,<,0x7ff43c0f5000
eager,mmap,1,addr,>,0x7ff43c09b000,addr,<,0x7ff43c0f5000
eager,heap,1,addr,>,0x7ff43c0f8000,addr,<,0x7ff43c125000
eager,mmap,1,addr,>,0x7ff43c0f8000,addr,<,0x7ff43c125000
eager,heap,1,addr,>,0x7ff43c128000,addr,<,0x7ff43c197000
eager,mmap,1,addr,>,0x7ff43c128000,addr,<,0x7ff43c197000
eager,heap,1,addr,>,0x7ff43c199000,addr,<,0x7ff43c410000
eager,mmap,1,addr,>,0x7ff43c199000,addr,<,0x7ff43c410000
eager,heap,1,addr,>,0x7ff43c412000,addr,<,0x7ff43c437000
eager,mmap,1,addr,>,0x7ff43c412000,addr,<,0x7ff43c437000
eager,heap,1,addr,>,0x7ff43c439000,addr,<,0x7ff43c48f000
eager,mmap,1,addr,>,0x7ff43c439000,addr,<,0x7ff43c48f000
eager,heap,1,addr,>,0x7ff43c492000,addr,<,0x7ff43c5a0000
eager,mmap,1,addr,>,0x7ff43c492000,addr,<,0x7ff43c5a0000
eager,heap,1,addr,>,0x7ff43c5a2000,addr,<,0x7ff43c5bf000
eager,mmap,1,addr,>,0x7ff43c5a2000,addr,<,0x7ff43c5bf000
eager,heap,1,addr,>,0x7ff43c5c2000,addr,<,0x7ff43c6b5000
eager,mmap,1,addr,>,0x7ff43c5c2000,addr,<,0x7ff43c6b5000
eager,heap,1,addr,>,0x7ff43c6b8000,addr,<,0x7ff43c76d000
eager,mmap,1,addr,>,0x7ff43c6b8000,addr,<,0x7ff43c76d000
eager,heap,1,addr,>,0x7ff43c770000,addr,<,0x7ff43c7fb000
eager,mmap,1,addr,>,0x7ff43c770000,addr,<,0x7ff43c7fb000
eager,heap,1,addr,>,0x7ff43c7fe000,addr,<,0x7ff43c830000
eager,mmap,1,addr,>,0x7ff43c7fe000,addr,<,0x7ff43c830000
eager,heap,1,addr,>,0x7ff43c832000,addr,<,0x7ff43c840000
eager,mmap,1,addr,>,0x7ff43c832000,addr,<,0x7ff43c840000
eager,heap,1,addr,>,0x7ff43c843000,addr,<,0x7ff43c852000
eager,mmap,1,addr,>,0x7ff43c843000,addr,<,0x7ff43c852000
eager,heap,1,addr,>,0x7ff43c854000,addr,<,0x7ff43c947000
eager,mmap,1,addr,>,0x7ff43c854000,addr,<,0x7ff43c947000
eager,heap,1,addr,>,0x7ff43c94a000,addr,<,0x7ff43c983000
eager,mmap,1,addr,>,0x7ff43c94a000,addr,<,0x7ff43c983000
eager,heap,1,addr,>,0x7ff43c985000,addr,<,0x7ff43c9a1000
eager,mmap,1,addr,>,0x7ff43c985000,addr,<,0x7ff43c9a1000
eager,heap,1,addr,>,0x7ff43c9a3000,addr,<,0x7ff43c9c3000
eager,mmap,1,addr,>,0x7ff43c9a3000,addr,<,0x7ff43c9c3000
eager,heap,1,addr,>,0x7ff43c9c5000,addr,<,0x7ff43c9cd000
eager,mmap,1,addr,>,0x7ff43c9c5000,addr,<,0x7ff43c9cd000
eager,heap,1,addr,>,0x7ff43c9d0000,addr,<,0x7ff43c9dd000
eager,mmap,1,addr,>,0x7ff43c9d0000,addr,<,0x7ff43c9dd000
eager,heap,1,addr,>,0x7ff43c9e0000,addr,<,0x7ff43ca12000
eager,mmap,1,addr,>,0x7ff43c9e0000,addr,<,0x7ff43ca12000
eager,heap,1,addr,>,0x7ff43ca14000,addr,<,0x7ff43ca83000
eager,mmap,1,addr,>,0x7ff43ca14000,addr,<,0x7ff43ca83000
eager,heap,1,addr,>,0x7ff43ca85000,addr,<,0x7ff43cb01000
eager,mmap,1,addr,>,0x7ff43ca85000,addr,<,0x7ff43cb01000
eager,heap,1,addr,>,0x7ff43cb04000,addr,<,0x7ff43cc3c000
eager,mmap,1,addr,>,0x7ff43cb04000,addr,<,0x7ff43cc3c000
eager,heap,1,addr,>,0x7ff43cc3f000,addr,<,0x7ff43ccab000
eager,mmap,1,addr,>,0x7ff43cc3f000,addr,<,0x7ff43ccab000
eager,heap,1,addr,>,0x7ff43ccae000,addr,<,0x7ff43cd09000
eager,mmap,1,addr,>,0x7ff43ccae000,addr,<,0x7ff43cd09000
eager,heap,1,addr,>,0x7ff43cd0c000,addr,<,0x7ff43cd3a000
eager,mmap,1,addr,>,0x7ff43cd0c000,addr,<,0x7ff43cd3a000
eager,heap,1,addr,>,0x7ff43cd3c000,addr,<,0x7ff43cd9b000
eager,mmap,1,addr,>,0x7ff43cd3c000,addr,<,0x7ff43cd9b000
eager,heap,1,addr,>,0x7ff43cd9d000,addr,<,0x7ff43cdc5000
eager,mmap,1,addr,>,0x7ff43cd9d000,addr,<,0x7ff43cdc5000
eager,heap,1,addr,>,0x7ff43cdc8000,addr,<,0x7ff43ce02000
eager,mmap,1,addr,>,0x7ff43cdc8000,addr,<,0x7ff43ce02000
eager,heap,1,addr,>,0x7ff43ce04000,addr,<,0x7ff43ce51000
eager,mmap,1,addr,>,0x7ff43ce04000,addr,<,0x7ff43ce51000
eager,heap,1,addr,>,0x7ff43ce54000,addr,<,0x7ff43cfac000
eager,mmap,1,addr,>,0x7ff43ce54000,addr,<,0x7ff43cfac000
eager,heap,1,addr,>,0x7ff43cfaf000,addr,<,0x7ff43d06d000
eager,mmap,1,addr,>,0x7ff43cfaf000,addr,<,0x7ff43d06d000
eager,heap,1,addr,>,0x7ff43d070000,addr,<,0x7ff43d07b000
eager,mmap,1,addr,>,0x7ff43d070000,addr,<,0x7ff43d07b000
eager,heap,1,addr,>,0x7ff43d07e000,addr,<,0x7ff43d0d1000
eager,mmap,1,addr,>,0x7ff43d07e000,addr,<,0x7ff43d0d1000
eager,heap,1,addr,>,0x7ff43d0d3000,addr,<,0x7ff43d0ef000
eager,mmap,1,addr,>,0x7ff43d0d3000,addr,<,0x7ff43d0ef000
eager,heap,1,addr,>,0x7ff43d0f1000,addr,<,0x7ff43d133000
eager,mmap,1,addr,>,0x7ff43d0f1000,addr,<,0x7ff43d133000
eager,heap,1,addr,>,0x7ff43d136000,addr,<,0x7ff43d1cc000
eager,mmap,1,addr,>,0x7ff43d136000,addr,<,0x7ff43d1cc000
eager,heap,1,addr,>,0x7ff43d1ce000,addr,<,0x7ff43d286000
eager,mmap,1,addr,>,0x7ff43d1ce000,addr,<,0x7ff43d286000
eager,heap,1,addr,>,0x7ff43d289000,addr,<,0x7ff43d2f4000
eager,mmap,1,addr,>,0x7ff43d289000,addr,<,0x7ff43d2f4000
eager,heap,1,addr,>,0x7ff43d2f6000,addr,<,0x7ff43d313000
eager,mmap,1,addr,>,0x7ff43d2f6000,addr,<,0x7ff43d313000
eager,heap,1,addr,>,0x7ff43d316000,addr,<,0x7ff43d394000
eager,mmap,1,addr,>,0x7ff43d316000,addr,<,0x7ff43d394000
eager,heap,1,addr,>,0x7ff43d397000,addr,<,0x7ff43d3ff000
eager,mmap,1,addr,>,0x7ff43d397000,addr,<,0x7ff43d3ff000
eager,heap,1,addr,>,0x7ff43d401000,addr,<,0x7ff43d40a000
eager,mmap,1,addr,>,0x7ff43d401000,addr,<,0x7ff43d40a000
eager,heap,1,addr,>,0x7ff43d40f000,addr,<,0x7ff43d413000
eager,mmap,1,addr,>,0x7ff43d40f000,addr,<,0x7ff43d413000
eager,heap,1,addr,>,0x7ff43d418000,addr,<,0x7ff43d41c000
eager,mmap,1,addr,>,0x7ff43d418000,addr,<,0x7ff43d41c000
eager,heap,1,addr,>,0x7ff43d41e000,addr,<,0x7ff43d422000
eager,mmap,1,addr,>,0x7ff43d41e000,addr,<,0x7ff43d422000
eager,heap,1,addr,>,0x7ff43d424000,addr,<,0x7ff43d428000
eager,mmap,1,addr,>,0x7ff43d424000,addr,<,0x7ff43d428000
eager,heap,1,addr,>,0x7ff43d42a000,addr,<,0x7ff43d42e000
eager,mmap,1,addr,>,0x7ff43d42a000,addr,<,0x7ff43d42e000
eager,heap,1,addr,>,0x7ff43d433000,addr,<,0x7ff43d437000
eager,mmap,1,addr,>,0x7ff43d433000,addr,<,0x7ff43d437000
eager,heap,1,addr,>,0x7ff43d439000,addr,<,0x7ff43d442000
eager,mmap,1,addr,>,0x7ff43d439000,addr,<,0x7ff43d442000
eager,heap,1,addr,>,0x7ff43d444000,addr,<,0x7ff43d448000
eager,mmap,1,addr,>,0x7ff43d444000,addr,<,0x7ff43d448000
eager,heap,1,addr,>,0x7ff43d44d000,addr,<,0x7ff43d456000
eager,mmap,1,addr,>,0x7ff43d44d000,addr,<,0x7ff43d456000
eager,heap,1,addr,>,0x7ff43d458000,addr,<,0x7ff43d45c000
eager,mmap,1,addr,>,0x7ff43d458000,addr,<,0x7ff43d45c000
eager,heap,1,addr,>,0x7ff43d460000,addr,<,0x7ff43d464000
eager,mmap,1,addr,>,0x7ff43d460000,addr,<,0x7ff43d464000
eager,heap,1,addr,>,0x7ff43d466000,addr,<,0x7ff43d468000
eager,mmap,1,addr,>,0x7ff43d466000,addr,<,0x7ff43d468000
eager,heap,1,addr,>,0x7ff43d46c000,addr,<,0x7ff43d470000
eager,mmap,1,addr,>,0x7ff43d46c000,addr,<,0x7ff43d470000
eager,heap,1,addr,>,0x7ff43d472000,addr,<,0x7ff43d476000
eager,mmap,1,addr,>,0x7ff43d472000,addr,<,0x7ff43d476000
eager,heap,1,addr,>,0x7ff43d478000,addr,<,0x7ff43d47c000
eager,mmap,1,addr,>,0x7ff43d478000,addr,<,0x7ff43d47c000
eager,heap,1,addr,>,0x7ff43d47e000,addr,<,0x7ff43d496000
eager,mmap,1,addr,>,0x7ff43d47e000,addr,<,0x7ff43d496000
eager,heap,1,addr,>,0x7ff43d49b000,addr,<,0x7ff43d49f000
eager,mmap,1,addr,>,0x7ff43d49b000,addr,<,0x7ff43d49f000
eager,heap,1,addr,>,0x7ff43d4a1000,addr,<,0x7ff43d4a5000
eager,mmap,1,addr,>,0x7ff43d4a1000,addr,<,0x7ff43d4a5000
eager,heap,1,addr,>,0x7ff43d4aa000,addr,<,0x7ff43d4ae000
eager,mmap,1,addr,>,0x7ff43d4aa000,addr,<,0x7ff43d4ae000
eager,heap,1,addr,>,0x7ff43d4b3000,addr,<,0x7ff43d4b7000
eager,mmap,1,addr,>,0x7ff43d4b3000,addr,<,0x7ff43d4b7000
eager,heap,1,addr,>,0x7ff43d4b9000,addr,<,0x7ff43d4c2000
eager,mmap,1,addr,>,0x7ff43d4b9000,addr,<,0x7ff43d4c2000
eager,heap,1,addr,>,0x7ff43d4c4000,addr,<,0x7ff43d4c8000
eager,mmap,1,addr,>,0x7ff43d4c4000,addr,<,0x7ff43d4c8000
eager,heap,1,addr,>,0x7ff43d4cb000,addr,<,0x7ff43d4cf000
eager,mmap,1,addr,>,0x7ff43d4cb000,addr,<,0x7ff43d4cf000
eager,heap,1,addr,>,0x7ff43d4d1000,addr,<,0x7ff43d4e9000
eager,mmap,1,addr,>,0x7ff43d4d1000,addr,<,0x7ff43d4e9000
eager,heap,1,addr,>,0x7ff43d4eb000,addr,<,0x7ff43d4ef000
eager,mmap,1,addr,>,0x7ff43d4eb000,addr,<,0x7ff43d4ef000
eager,heap,1,addr,>,0x7ff43d4f4000,addr,<,0x7ff43d4f8000
eager,mmap,1,addr,>,0x7ff43d4f4000,addr,<,0x7ff43d4f8000
eager,heap,1,addr,>,0x7ff43d4fa000,addr,<,0x7ff43d4fe000
eager,mmap,1,addr,>,0x7ff43d4fa000,addr,<,0x7ff43d4fe000
eager,heap,1,addr,>,0x7ff43d502000,addr,<,0x7ff43d506000
eager,mmap,1,addr,>,0x7ff43d502000,addr,<,0x7ff43d506000
eager,heap,1,addr,>,0x7ff43d508000,addr,<,0x7ff43d50c000
eager,mmap,1,addr,>,0x7ff43d508000,addr,<,0x7ff43d50c000
eager,heap,1,addr,>,0x7ff43d511000,addr,<,0x7ff43d515000
eager,mmap,1,addr,>,0x7ff43d511000,addr,<,0x7ff43d515000
eager,heap,1,addr,>,0x7ff43d519000,addr,<,0x7ff43d51d000
eager,mmap,1,addr,>,0x7ff43d519000,addr,<,0x7ff43d51d000
eager,heap,1,addr,>,0x7ff43d522000,addr,<,0x7ff43d530000
eager,mmap,1,addr,>,0x7ff43d522000,addr,<,0x7ff43d530000
eager,heap,1,addr,>,0x7ff43d533000,addr,<,0x7ff43d541000
eager,mmap,1,addr,>,0x7ff43d533000,addr,<,0x7ff43d541000
eager,heap,1,addr,>,0x7ff43d544000,addr,<,0x7ff43d548000
eager,mmap,1,addr,>,0x7ff43d544000,addr,<,0x7ff43d548000
eager,heap,1,addr,>,0x7ff43d54d000,addr,<,0x7ff43d556000
eager,mmap,1,addr,>,0x7ff43d54d000,addr,<,0x7ff43d556000
eager,heap,1,addr,>,0x7ff43d558000,addr,<,0x7ff43d55c000
eager,mmap,1,addr,>,0x7ff43d558000,addr,<,0x7ff43d55c000
eager,heap,1,addr,>,0x7ff43d55e000,addr,<,0x7ff43d567000
eager,mmap,1,addr,>,0x7ff43d55e000,addr,<,0x7ff43d567000
eager,heap,1,addr,>,0x7ff43d569000,addr,<,0x7ff43d56d000
eager,mmap,1,addr,>,0x7ff43d569000,addr,<,0x7ff43d56d000
eager,heap,1,addr,>,0x7ff43d572000,addr,<,0x7ff43d576000
eager,mmap,1,addr,>,0x7ff43d572000,addr,<,0x7ff43d576000
eager,heap,1,addr,>,0x7ff43d57a000,addr,<,0x7ff43d583000
eager,mmap,1,addr,>,0x7ff43d57a000,addr,<,0x7ff43d583000
eager,heap,1,addr,>,0x7ff43d586000,addr,<,0x7ff43d58a000
eager,mmap,1,addr,>,0x7ff43d586000,addr,<,0x7ff43d58a000
eager,heap,1,addr,>,0x7ff43d58c000,addr,<,0x7ff43d590000
eager,mmap,1,addr,>,0x7ff43d58c000,addr,<,0x7ff43d590000
eager,heap,1,addr,>,0x7ff43d594000,addr,<,0x7ff43d598000
eager,mmap,1,addr,>,0x7ff43d594000,addr,<,0x7ff43d598000
eager,heap,1,addr,>,0x7ff43d59a000,addr,<,0x7ff43d59e000
eager,mmap,1,addr,>,0x7ff43d59a000,addr,<,0x7ff43d59e000
eager,heap,1,addr,>,0x7ff43d5a2000,addr,<,0x7ff43d5ab000
eager,mmap,1,addr,>,0x7ff43d5a2000,addr,<,0x7ff43d5ab000
eager,heap,1,addr,>,0x7ff43d5af000,addr,<,0x7ff43d5b8000
eager,mmap,1,addr,>,0x7ff43d5af000,addr,<,0x7ff43d5b8000
eager,heap,1,addr,>,0x7ff43d5bc000,addr,<,0x7ff43d5c0000
eager,mmap,1,addr,>,0x7ff43d5bc000,addr,<,0x7ff43d5c0000
eager,heap,1,addr,>,0x7ff43d5c2000,addr,<,0x7ff43d5c6000
eager,mmap,1,addr,>,0x7ff43d5c2000,addr,<,0x7ff43d5c6000
eager,heap,1,addr,>,0x7ff43d5ca000,addr,<,0x7ff43d5cc000
eager,mmap,1,addr,>,0x7ff43d5ca000,addr,<,0x7ff43d5cc000
eager,heap,1,addr,>,0x7ff43d5d0000,addr,<,0x7ff43d5d4000
eager,mmap,1,addr,>,0x7ff43d5d0000,addr,<,0x7ff43d5d4000
eager,heap,1,addr,>,0x7ff43d5d8000,addr,<,0x7ff43d5e1000
eager,mmap,1,addr,>,0x7ff43d5d8000,addr,<,0x7ff43d5e1000
eager,heap,1,addr,>,0x7ff43d5e4000,addr,<,0x7ff43d5e8000
eager,mmap,1,addr,>,0x7ff43d5e4000,addr,<,0x7ff43d5e8000
eager,heap,1,addr,>,0x7ff43d5ea000,addr,<,0x7ff43d5f3000
eager,mmap,1,addr,>,0x7ff43d5ea000,addr,<,0x7ff43d5f3000
eager,heap,1,addr,>,0x7ff43d5f8000,addr,<,0x7ff43d601000
eager,mmap,1,addr,>,0x7ff43d5f8000,addr,<,0x7ff43d601000
eager,heap,1,addr,>,0x7ff43d603000,addr,<,0x7ff43d60c000
eager,mmap,1,addr,>,0x7ff43d603000,addr,<,0x7ff43d60c000
eager,heap,1,addr,>,0x7ff43d60e000,addr,<,0x7ff43d612000
eager,mmap,1,addr,>,0x7ff43d60e000,addr,<,0x7ff43d612000
eager,heap,1,addr,>,0x7ff43d617000,addr,<,0x7ff43d623000
eager,mmap,1,addr,>,0x7ff43d617000,addr,<,0x7ff43d623000
eager,heap,1,addr,>,0x7ff43d628000,addr,<,0x7ff43d62c000
eager,mmap,1,addr,>,0x7ff43d628000,addr,<,0x7ff43d62c000
eager,heap,1,addr,>,0x7ff43d631000,addr,<,0x7ff43d635000
eager,mmap,1,addr,>,0x7ff43d631000,addr,<,0x7ff43d635000
eager,heap,1,addr,>,0x7ff43d63a000,addr,<,0x7ff43d63e000
eager,mmap,1,addr,>,0x7ff43d63a000,addr,<,0x7ff43d63e000
eager,heap,1,addr,>,0x7ff43d643000,addr,<,0x7ff43d647000
eager,mmap,1,addr,>,0x7ff43d643000,addr,<,0x7ff43d647000
eager,heap,1,addr,>,0x7ff43d64b000,addr,<,0x7ff43d64f000
eager,mmap,1,addr,>,0x7ff43d64b000,addr,<,0x7ff43d64f000
eager,heap,1,addr,>,0x7ff43d651000,addr,<,0x7ff43d655000
eager,mmap,1,addr,>,0x7ff43d651000,addr,<,0x7ff43d655000
eager,heap,1,addr,>,0x7ff43d657000,addr,<,0x7ff43d65b000
eager,mmap,1,addr,>,0x7ff43d657000,addr,<,0x7ff43d65b000
eager,heap,1,addr,>,0x7ff43d65d000,addr,<,0x7ff43d661000
eager,mmap,1,addr,>,0x7ff43d65d000,addr,<,0x7ff43d661000
eager,heap,1,addr,>,0x7ff43d663000,addr,<,0x7ff43d667000
eager,mmap,1,addr,>,0x7ff43d663000,addr,<,0x7ff43d667000
eager,heap,1,addr,>,0x7ff43d669000,addr,<,0x7ff43d66d000
eager,mmap,1,addr,>,0x7ff43d669000,addr,<,0x7ff43d66d000
eager,heap,1,addr,>,0x7ff43d66f000,addr,<,0x7ff43d673000
eager,mmap,1,addr,>,0x7ff43d66f000,addr,<,0x7ff43d673000
eager,heap,1,addr,>,0x7ff43d675000,addr,<,0x7ff43d679000
eager,mmap,1,addr,>,0x7ff43d675000,addr,<,0x7ff43d679000
eager,heap,1,addr,>,0x7ff43d67e000,addr,<,0x7ff43d691000
eager,mmap,1,addr,>,0x7ff43d67e000,addr,<,0x7ff43d691000
eager,heap,1,addr,>,0x7ff43d693000,addr,<,0x7ff43d6a1000
eager,mmap,1,addr,>,0x7ff43d693000,addr,<,0x7ff43d6a1000
eager,heap,1,addr,>,0x7ff43d6a6000,addr,<,0x7ff43d6aa000
eager,mmap,1,addr,>,0x7ff43d6a6000,addr,<,0x7ff43d6aa000
eager,heap,1,addr,>,0x7ff43d6ac000,addr,<,0x7ff43d6b5000
eager,mmap,1,addr,>,0x7ff43d6ac000,addr,<,0x7ff43d6b5000
eager,heap,1,addr,>,0x7ff43d6b7000,addr,<,0x7ff43d6c0000
eager,mmap,1,addr,>,0x7ff43d6b7000,addr,<,0x7ff43d6c0000
eager,heap,1,addr,>,0x7ff43d6c2000,addr,<,0x7ff43d6c6000
eager,mmap,1,addr,>,0x7ff43d6c2000,addr,<,0x7ff43d6c6000
eager,heap,1,addr,>,0x7ff43d6c8000,addr,<,0x7ff43d6db000
eager,mmap,1,addr,>,0x7ff43d6c8000,addr,<,0x7ff43d6db000
eager,heap,1,addr,>,0x7ff43d6e0000,addr,<,0x7ff43d6e9000
eager,mmap,1,addr,>,0x7ff43d6e0000,addr,<,0x7ff43d6e9000
eager,heap,1,addr,>,0x7ff43d6eb000,addr,<,0x7ff43d6f4000
eager,mmap,1,addr,>,0x7ff43d6eb000,addr,<,0x7ff43d6f4000
eager,heap,1,addr,>,0x7ff43d6f7000,addr,<,0x7ff43d700000
eager,mmap,1,addr,>,0x7ff43d6f7000,addr,<,0x7ff43d700000
eager,heap,1,addr,>,0x7ff43d702000,addr,<,0x7ff43d706000
eager,mmap,1,addr,>,0x7ff43d702000,addr,<,0x7ff43d706000
eager,heap,1,addr,>,0x7ff43d708000,addr,<,0x7ff43d70c000
eager,mmap,1,addr,>,0x7ff43d708000,addr,<,0x7ff43d70c000
eager,heap,1,addr,>,0x7ff43d711000,addr,<,0x7ff43d715000
eager,mmap,1,addr,>,0x7ff43d711000,addr,<,0x7ff43d715000
eager,heap,1,addr,>,0x7ff43d71a000,addr,<,0x7ff43d723000
eager,mmap,1,addr,>,0x7ff43d71a000,addr,<,0x7ff43d723000
eager,heap,1,addr,>,0x7ff43d728000,addr,<,0x7ff43d72c000
eager,mmap,1,addr,>,0x7ff43d728000,addr,<,0x7ff43d72c000
eager,heap,1,addr,>,0x7ff43d72e000,addr,<,0x7ff43d732000
eager,mmap,1,addr,>,0x7ff43d72e000,addr,<,0x7ff43d732000
eager,heap,1,addr,>,0x7ff43d734000,addr,<,0x7ff43d738000
eager,mmap,1,addr,>,0x7ff43d734000,addr,<,0x7ff43d738000
eager,heap,1,addr,>,0x7ff43d73d000,addr,<,0x7ff43d741000
eager,mmap,1,addr,>,0x7ff43d73d000,addr,<,0x7ff43d741000
eager,heap,1,addr,>,0x7ff43d743000,addr,<,0x7ff43d747000
eager,mmap,1,addr,>,0x7ff43d743000,addr,<,0x7ff43d747000
eager,heap,1,addr,>,0x7ff43d749000,addr,<,0x7ff43d750000
eager,mmap,1,addr,>,0x7ff43d749000,addr,<,0x7ff43d750000
eager,heap,1,addr,>,0x7ff43d752000,addr,<,0x7ff43d756000
eager,mmap,1,addr,>,0x7ff43d752000,addr,<,0x7ff43d756000
eager,heap,1,addr,>,0x7ff43d758000,addr,<,0x7ff43d75c000
eager,mmap,1,addr,>,0x7ff43d758000,addr,<,0x7ff43d75c000
eager,heap,1,addr,>,0x7ff43d75e000,addr,<,0x7ff43d762000
eager,mmap,1,addr,>,0x7ff43d75e000,addr,<,0x7ff43d762000
eager,heap,1,addr,>,0x7ff43d766000,addr,<,0x7ff43d76a000
eager,mmap,1,addr,>,0x7ff43d766000,addr,<,0x7ff43d76a000
eager,heap,1,addr,>,0x7ff43d76c000,addr,<,0x7ff43d770000
eager,mmap,1,addr,>,0x7ff43d76c000,addr,<,0x7ff43d770000
eager,heap,1,addr,>,0x7ff43d772000,addr,<,0x7ff43d77b000
eager,mmap,1,addr,>,0x7ff43d772000,addr,<,0x7ff43d77b000
eager,heap,1,addr,>,0x7ff43d77d000,addr,<,0x7ff43d781000
eager,mmap,1,addr,>,0x7ff43d77d000,addr,<,0x7ff43d781000
eager,heap,1,addr,>,0x7ff43d784000,addr,<,0x7ff43d788000
eager,mmap,1,addr,>,0x7ff43d784000,addr,<,0x7ff43d788000
eager,heap,1,addr,>,0x7ff43d78a000,addr,<,0x7ff43d7a7000
eager,mmap,1,addr,>,0x7ff43d78a000,addr,<,0x7ff43d7a7000
eager,heap,1,addr,>,0x7ff43d7a9000,addr,<,0x7ff43d7ad000
eager,mmap,1,addr,>,0x7ff43d7a9000,addr,<,0x7ff43d7ad000
eager,heap,1,addr,>,0x7ff43d7b2000,addr,<,0x7ff43d7b6000
eager,mmap,1,addr,>,0x7ff43d7b2000,addr,<,0x7ff43d7b6000
eager,heap,1,addr,>,0x7ff43d7ba000,addr,<,0x7ff43d7be000
eager,mmap,1,addr,>,0x7ff43d7ba000,addr,<,0x7ff43d7be000
eager,heap,1,addr,>,0x7ff43d7c0000,addr,<,0x7ff43d7c4000
eager,mmap,1,addr,>,0x7ff43d7c0000,addr,<,0x7ff43d7c4000
eager,heap,1,addr,>,0x7ff43d7c6000,addr,<,0x7ff43dc5a000
eager,mmap,1,addr,>,0x7ff43d7c6000,addr,<,0x7ff43dc5a000
eager,heap,1,addr,>,0x7ff43dc5d000,addr,<,0x7ff43e781000
eager,mmap,1,addr,>,0x7ff43dc5d000,addr,<,0x7ff43e781000
eager,heap,1,addr,>,0x7ff43e784000,addr,<,0x7ff43ecbf000
eager,mmap,1,addr,>,0x7ff43e784000,addr,<,0x7ff43ecbf000
eager,heap,1,addr,>,0x7ff43ecc4000,addr,<,0x7ff440152000
eager,mmap,1,addr,>,0x7ff43ecc4000,addr,<,0x7ff440152000
eager,heap,1,addr,>,0x7ff440155000,addr,<,0x7ff4403af000
eager,mmap,1,addr,>,0x7ff440155000,addr,<,0x7ff4403af000
eager,heap,1,addr,>,0x7ff4403b2000,addr,<,0x7ff4406bb000
eager,mmap,1,addr,>,0x7ff4403b2000,addr,<,0x7ff4406bb000
eager,heap,1,addr,>,0x7ff4406be000,addr,<,0x7ff4414c8000
eager,mmap,1,addr,>,0x7ff4406be000,addr,<,0x7ff4414c8000
eager,heap,1,addr,>,0x7ff4414cb000,addr,<,0x7ff441d8d000
eager,mmap,1,addr,>,0x7ff4414cb000,addr,<,0x7ff441d8d000
eager,heap,1,addr,>,0x7ff441d90000,addr,<,0x7ff442c29000
eager,mmap,1,addr,>,0x7ff441d90000,addr,<,0x7ff442c29000
eager,heap,1,addr,>,0x7ff442c2c000,addr,<,0x7ff442e68000
eager,mmap,1,addr,>,0x7ff442c2c000,addr,<,0x7ff442e68000
eager,heap,1,addr,>,0x7ff442e6b000,addr,<,0x7ff444fc1000
eager,mmap,1,addr,>,0x7ff442e6b000,addr,<,0x7ff444fc1000
eager,heap,1,addr,>,0x7ff444fc3000,addr,<,0x7ff444fc5000
eager,mmap,1,addr,>,0x7ff444fc3000,addr,<,0x7ff444fc5000
eager,heap,1,addr,>,0x7ff444fc7000,addr,<,0x7ff4464de000
eager,mmap,1,addr,>,0x7ff444fc7000,addr,<,0x7ff4464de000
eager,heap,1,addr,>,0x7ff4464e2000,addr,<,0x7ff447a56000
eager,mmap,1,addr,>,0x7ff4464e2000,addr,<,0x7ff447a56000
eager,heap,1,addr,>,0x7ff447a59000,addr,<,0x7ff447e84000
eager,mmap,1,addr,>,0x7ff447a59000,addr,<,0x7ff447e84000
eager,heap,1,addr,>,0x7ff447e87000,addr,<,0x7ff4486bd000
eager,mmap,1,addr,>,0x7ff447e87000,addr,<,0x7ff4486bd000
eager,heap,1,addr,>,0x7ff4486c0000,addr,<,0x7ff448f2d000
eager,mmap,1,addr,>,0x7ff4486c0000,addr,<,0x7ff448f2d000
eager,heap,1,addr,>,0x7ff448f30000,addr,<,0x7ff4490b8000
eager,mmap,1,addr,>,0x7ff448f30000,addr,<,0x7ff4490b8000
eager,heap,1,addr,>,0x7ff4490bb000,addr,<,0x7ff44af12000
eager,mmap,1,addr,>,0x7ff4490bb000,addr,<,0x7ff44af12000
eager,heap,1,addr,>,0x7ff44af15000,addr,<,0x7ff44c597000
eager,mmap,1,addr,>,0x7ff44af15000,addr,<,0x7ff44c597000
eager,heap,1,addr,>,0x7ff44c59a000,addr,<,0x7ff44dc9e000
eager,mmap,1,addr,>,0x7ff44c59a000,addr,<,0x7ff44dc9e000
eager,heap,1,addr,>,0x7ff44dca1000,addr,<,0x7ff452bb8000
eager,mmap,1,addr,>,0x7ff44dca1000,addr,<,0x7ff452bb8000
eager,heap,1,addr,>,0x7ff452bbb000,addr,<,0x7ff453acc000
eager,mmap,1,addr,>,0x7ff452bbb000,addr,<,0x7ff453acc000
eager,heap,1,addr,>,0x7ff453acf000,addr,<,0x7ff454c8d000
eager,mmap,1,addr,>,0x7ff453acf000,addr,<,0x7ff454c8d000
eager,heap,1,addr,>,0x7ff454c90000,addr,<,0x7ff4595da000
eager,mmap,1,addr,>,0x7ff454c90000,addr,<,0x7ff4595da000
eager,heap,1,addr,>,0x7ff4595dd000,addr,<,0x7ff45a36d000
eager,mmap,1,addr,>,0x7ff4595dd000,addr,<,0x7ff45a36d000
eager,heap,1,addr,>,0x7ff45a370000,addr,<,0x7ff45b803000
eager,mmap,1,addr,>,0x7ff45a370000,addr,<,0x7ff45b803000
eager,heap,1,addr,>,0x7ff45b806000,addr,<,0x7ff45b8cb000
eager,mmap,1,addr,>,0x7ff45b806000,addr,<,0x7ff45b8cb000
eager,heap,1,addr,>,0x7ff45b8ce000,addr,<,0x7ff45c410000
eager,mmap,1,addr,>,0x7ff45b8ce000,addr,<,0x7ff45c410000
eager,heap,1,addr,>,0x7ff45c413000,addr,<,0x7ff45c4e2000
eager,mmap,1,addr,>,0x7ff45c413000,addr,<,0x7ff45c4e2000
eager,heap,1,addr,>,0x7ff45c4e5000,addr,<,0x7ff45d126000
eager,mmap,1,addr,>,0x7ff45c4e5000,addr,<,0x7ff45d126000
eager,heap,1,addr,>,0x7ff45d129000,addr,<,0x7ff45f8bd000
eager,mmap,1,addr,>,0x7ff45d129000,addr,<,0x7ff45f8bd000
eager,heap,1,addr,>,0x7ff45f8c0000,addr,<,0x7ff461539000
eager,mmap,1,addr,>,0x7ff45f8c0000,addr,<,0x7ff461539000
eager,heap,1,addr,>,0x7ff46153e000,addr,<,0x7ff462eef000
eager,mmap,1,addr,>,0x7ff46153e000,addr,<,0x7ff462eef000
eager,heap,1,addr,>,0x7ff462ef2000,addr,<,0x7ff465b57000
eager,mmap,1,addr,>,0x7ff462ef2000,addr,<,0x7ff465b57000
eager,heap,1,addr,>,0x7ff465b5d000,addr,<,0x7ff4662aa000
eager,mmap,1,addr,>,0x7ff465b5d000,addr,<,0x7ff4662aa000
eager,heap,1,addr,>,0x7ff4662b0000,addr,<,0x7ff468686000
eager,mmap,1,addr,>,0x7ff4662b0000,addr,<,0x7ff468686000
eager,heap,1,addr,>,0x7ff46868c000,addr,<,0x7ff468730000
eager,mmap,1,addr,>,0x7ff46868c000,addr,<,0x7ff468730000
eager,heap,1,addr,>,0x7ff468752000,addr,<,0x7ff46940b000
eager,mmap,1,addr,>,0x7ff468752000,addr,<,0x7ff46940b000
eager,heap,1,addr,>,0x7ff46940e000,addr,<,0x7ff469499000
eager,mmap,1,addr,>,0x7ff46940e000,addr,<,0x7ff469499000
eager,heap,1,addr,>,0x7ff46949f000,addr,<,0x7ff46a5c9000
eager,mmap,1,addr,>,0x7ff46949f000,addr,<,0x7ff46a5c9000
eager,heap,1,addr,>,0x7ff46a5cf000,addr,<,0x7ff46c15b000
eager,mmap,1,addr,>,0x7ff46a5cf000,addr,<,0x7ff46c15b000
eager,heap,1,addr,>,0x7ff46c15e000,addr,<,0x7ff46ca9d000
eager,mmap,1,addr,>,0x7ff46c15e000,addr,<,0x7ff46ca9d000
eager,heap,1,addr,>,0x7ff46caa0000,addr,<,0x7ff46cc55000
eager,mmap,1,addr,>,0x7ff46caa0000,addr,<,0x7ff46cc55000
eager,heap,1,addr,>,0x7ff46cc58000,addr,<,0x7ff46dff1000
eager,mmap,1,addr,>,0x7ff46cc58000,addr,<,0x7ff46dff1000
eager,heap,1,addr,>,0x7ff46dff4000,addr,<,0x7ff46f27f000
eager,mmap,1,addr,>,0x7ff46dff4000,addr,<,0x7ff46f27f000
eager,heap,1,addr,>,0x7ff46f282000,addr,<,0x7ff46f52e000
eager,mmap,1,addr,>,0x7ff46f282000,addr,<,0x7ff46f52e000
eager,heap,1,addr,>,0x7ff46f534000,addr,<,0x7ff46f7f4000
eager,mmap,1,addr,>,0x7ff46f534000,addr,<,0x7ff46f7f4000
eager,heap,1,addr,>,0x7ff46f9f6000,addr,<,0x7ff46fdff000
eager,mmap,1,addr,>,0x7ff46f9f6000,addr,<,0x7ff46fdff000
eager,heap,1,addr,>,0x7ff4c3200000,addr,<,0x7ff4c73ff000
eager,mmap,1,addr,>,0x7ff4c3200000,addr,<,0x7ff4c73ff000
eager,heap,1,addr,>,0x7ff4c9200000,addr,<,0x7ff4cd3ff000
eager,mmap,1,addr,>,0x7ff4c9200000,addr,<,0x7ff4cd3ff000
eager,heap,1,addr,>,0x7ff4ce200000,addr,<,0x7ffa5ebff000
eager,mmap,1,addr,>,0x7ff4ce200000,addr,<,0x7ffa5ebff000
eager,heap,1,addr,>,0x7ffa5f200000,addr,<,0x7ffa603ff000
eager,mmap,1,addr,>,0x7ffa5f200000,addr,<,0x7ffa603ff000
eager,heap,1,addr,>,0x7ffa60600000,addr,<,0x7ffd273ff000
eager,mmap,1,addr,>,0x7ffa60600000,addr,<,0x7ffd273ff000
eager,heap,1,addr,>,0x7ffd27600000,addr,<,0x7fffc9fff000
eager,mmap,1,addr,>,0x7ffd27600000,addr,<,0x7fffc9fff000
eager,heap,1,addr,>,0x7fffca1bb000,addr,<,0x7fffee4ba000
eager,mmap,1,addr,>,0x7fffca1bb000,addr,<,0x7fffee4ba000
eager,heap,1,addr,>,0x7fffeecb9000,addr,<,0x7fffeecbb000
eager,mmap,1,addr,>,0x7fffeecb9000,addr,<,0x7fffeecbb000
eager,heap,1,addr,>,0x7fffef4ba000,addr,<,0x7fffef4cc000
eager,mmap,1,addr,>,0x7fffef4ba000,addr,<,0x7fffef4cc000
eager,heap,1,addr,>,0x7fffef4e0000,addr,<,0x7fffef4ef000
eager,mmap,1,addr,>,0x7fffef4e0000,addr,<,0x7fffef4ef000
eager,heap,1,addr,>,0x7fffef500000,addr,<,0x7fffef50f000
eager,mmap,1,addr,>,0x7fffef500000,addr,<,0x7fffef50f000
eager,heap,1,addr,>,0x7fffef520000,addr,<,0x7fffef528000
eager,mmap,1,addr,>,0x7fffef520000,addr,<,0x7fffef528000
eager,heap,1,addr,>,0x7fffef52a000,addr,<,0x7fffef52f000
eager,mmap,1,addr,>,0x7fffef52a000,addr,<,0x7fffef52f000
eager,heap,1,addr,>,0x7fffef610000,addr,<,0x7fffef61f000
eager,mmap,1,addr,>,0x7fffef610000,addr,<,0x7fffef61f000
eager,heap,1,addr,>,0x7fffef650000,addr,<,0x7fffef658000
eager,mmap,1,addr,>,0x7fffef650000,addr,<,0x7fffef658000
eager,heap,1,addr,>,0x7fffef65a000,addr,<,0x7fffef65f000
eager,mmap,1,addr,>,0x7fffef65a000,addr,<,0x7fffef65f000
eager,heap,1,addr,>,0x7ffff5a00000,addr,<,0x7ffff61ff000
eager,mmap,1,addr,>,0x7ffff5a00000,addr,<,0x7ffff61ff000
eager,heap,1,addr,>,0x7ffff64fe000,addr,<,0x7ffff6504000
eager,mmap,1,addr,>,0x7ffff64fe000,addr,<,0x7ffff6504000
eager,heap,1,addr,>,0x7ffff6506000,addr,<,0x7ffff6525000
eager,mmap,1,addr,>,0x7ffff6506000,addr,<,0x7ffff6525000
eager,heap,1,addr,>,0x7ffff6527000,addr,<,0x7ffff652d000
eager,mmap,1,addr,>,0x7ffff6527000,addr,<,0x7ffff652d000
eager,heap,1,addr,>,0x7ffff6534000,addr,<,0x7ffff6535000
eager,mmap,1,addr,>,0x7ffff6534000,addr,<,0x7ffff6535000
eager,heap,1,addr,>,0x7ffff653a000,addr,<,0x7ffff673a000
eager,mmap,1,addr,>,0x7ffff653a000,addr,<,0x7ffff673a000
eager,heap,1,addr,>,0x7ffff653d000,addr,<,0x7ffff673d000
eager,mmap,1,addr,>,0x7ffff653d000,addr,<,0x7ffff673d000
eager,heap,1,addr,>,0x7ffff6544000,addr,<,0x7ffff6547000
eager,mmap,1,addr,>,0x7ffff6544000,addr,<,0x7ffff6547000
eager,heap,1,addr,>,0x7ffff654e000,addr,<,0x7ffff654f000
eager,mmap,1,addr,>,0x7ffff654e000,addr,<,0x7ffff654f000
eager,heap,1,addr,>,0x7ffff6553000,addr,<,0x7ffff655c000
eager,mmap,1,addr,>,0x7ffff6553000,addr,<,0x7ffff655c000
eager,heap,1,addr,>,0x7ffff6560000,addr,<,0x7ffff6561000
eager,mmap,1,addr,>,0x7ffff6560000,addr,<,0x7ffff6561000
eager,heap,1,addr,>,0x7ffff6565000,addr,<,0x7ffff65dc000
eager,mmap,1,addr,>,0x7ffff6565000,addr,<,0x7ffff65dc000
eager,heap,1,addr,>,0x7ffff65e4000,addr,<,0x7ffff67e4000
eager,mmap,1,addr,>,0x7ffff65e4000,addr,<,0x7ffff67e4000
eager,heap,1,addr,>,0x7ffff65ef000,addr,<,0x7ffff67ef000
eager,mmap,1,addr,>,0x7ffff65ef000,addr,<,0x7ffff67ef000
eager,heap,1,addr,>,0x7ffff65fe000,addr,<,0x7ffff67fe000
eager,mmap,1,addr,>,0x7ffff65fe000,addr,<,0x7ffff67fe000
eager,heap,1,addr,>,0x7ffff6601000,addr,<,0x7ffff6604000
eager,mmap,1,addr,>,0x7ffff6601000,addr,<,0x7ffff6604000
eager,heap,1,addr,>,0x7ffff660a000,addr,<,0x7ffff6612000
eager,mmap,1,addr,>,0x7ffff660a000,addr,<,0x7ffff6612000
eager,heap,1,addr,>,0x7ffff6615000,addr,<,0x7ffff6701000
eager,mmap,1,addr,>,0x7ffff6615000,addr,<,0x7ffff6701000
eager,heap,1,addr,>,0x7ffff6703000,addr,<,0x7ffff670d000
eager,mmap,1,addr,>,0x7ffff6703000,addr,<,0x7ffff670d000
eager,heap,1,addr,>,0x7ffff6912000,addr,<,0x7ffff697f000
eager,mmap,1,addr,>,0x7ffff6912000,addr,<,0x7ffff697f000
eager,heap,1,addr,>,0x7ffff69c0000,addr,<,0x7ffff69cf000
eager,mmap,1,addr,>,0x7ffff69c0000,addr,<,0x7ffff69cf000
eager,heap,1,addr,>,0x7ffff69d1000,addr,<,0x7ffff69df000
eager,mmap,1,addr,>,0x7ffff69d1000,addr,<,0x7ffff69df000
eager,heap,1,addr,>,0x7ffff6bfd000,addr,<,0x7ffff6c06000
eager,mmap,1,addr,>,0x7ffff6bfd000,addr,<,0x7ffff6c06000
eager,heap,1,addr,>,0x7ffff6c18000,addr,<,0x7ffff6e18000
eager,mmap,1,addr,>,0x7ffff6c18000,addr,<,0x7ffff6e18000
eager,heap,1,addr,>,0x7ffff6c1a000,addr,<,0x7ffff6cef000
eager,mmap,1,addr,>,0x7ffff6c1a000,addr,<,0x7ffff6cef000
eager,heap,1,addr,>,0x7ffff6d00000,addr,<,0x7ffff6d3f000
eager,mmap,1,addr,>,0x7ffff6d00000,addr,<,0x7ffff6d3f000
eager,heap,1,addr,>,0x7ffff6d50000,addr,<,0x7ffff6d7d000
eager,mmap,1,addr,>,0x7ffff6d50000,addr,<,0x7ffff6d7d000
eager,heap,1,addr,>,0x7ffff6d7f000,addr,<,0x7ffff6dab000
eager,mmap,1,addr,>,0x7ffff6d7f000,addr,<,0x7ffff6dab000
eager,heap,1,addr,>,0x7ffff6dad000,addr,<,0x7ffff6daf000
eager,mmap,1,addr,>,0x7ffff6dad000,addr,<,0x7ffff6daf000
eager,heap,1,addr,>,0x7ffff6fdf000,addr,<,0x7ffff6fe6000
eager,mmap,1,addr,>,0x7ffff6fdf000,addr,<,0x7ffff6fe6000
eager,heap,1,addr,>,0x7ffff6fe8000,addr,<,0x7ffff71e8000
eager,mmap,1,addr,>,0x7ffff6fe8000,addr,<,0x7ffff71e8000
eager,heap,1,addr,>,0x7ffff6fea000,addr,<,0x7ffff6fff000
eager,mmap,1,addr,>,0x7ffff6fea000,addr,<,0x7ffff6fff000
eager,heap,1,addr,>,0x7ffff7200000,addr,<,0x7ffff7201000
eager,mmap,1,addr,>,0x7ffff7200000,addr,<,0x7ffff7201000
eager,heap,1,addr,>,0x7ffff7205000,addr,<,0x7ffff722f000
eager,mmap,1,addr,>,0x7ffff7205000,addr,<,0x7ffff722f000
eager,heap,1,addr,>,0x7ffff7436000,addr,<,0x7ffff743b000
eager,mmap,1,addr,>,0x7ffff7436000,addr,<,0x7ffff743b000
eager,heap,1,addr,>,0x7ffff763c000,addr,<,0x7ffff7655000
eager,mmap,1,addr,>,0x7ffff763c000,addr,<,0x7ffff7655000
eager,heap,1,addr,>,0x7ffff7657000,addr,<,0x7ffff765d000
eager,mmap,1,addr,>,0x7ffff7657000,addr,<,0x7ffff765d000
eager,heap,1,addr,>,0x7ffff765f000,addr,<,0x7ffff766f000
eager,mmap,1,addr,>,0x7ffff765f000,addr,<,0x7ffff766f000
eager,heap,1,addr,>,0x7ffff793e000,addr,<,0x7ffff795f000
eager,mmap,1,addr,>,0x7ffff793e000,addr,<,0x7ffff795f000
eager,heap,1,addr,>,0x7ffff7980000,addr,<,0x7ffff799b000
eager,mmap,1,addr,>,0x7ffff7980000,addr,<,0x7ffff799b000
eager,heap,1,addr,>,0x7ffff799d000,addr,<,0x7ffff79bf000
eager,mmap,1,addr,>,0x7ffff799d000,addr,<,0x7ffff79bf000
eager,heap,1,addr,>,0x7ffff7bc3000,addr,<,0x7ffff7bc9000
eager,mmap,1,addr,>,0x7ffff7bc3000,addr,<,0x7ffff7bc9000
eager,heap,1,addr,>,0x7ffff7bd0000,addr,<,0x7ffff7bd8000
eager,mmap,1,addr,>,0x7ffff7bd0000,addr,<,0x7ffff7bd8000
eager,heap,1,addr,>,0x7ffff7cd8000,addr,<,0x7ffff7ed8000
eager,mmap,1,addr,>,0x7ffff7cd8000,addr,<,0x7ffff7ed8000
eager,heap,1,addr,>,0x7ffff7dd8000,addr,<,0x7ffff7dfc000
eager,mmap,1,addr,>,0x7ffff7dd8000,addr,<,0x7ffff7dfc000
eager,heap,1,addr,>,0x7ffff7fdd000,addr,<,0x7ffff7fe5000
eager,mmap,1,addr,>,0x7ffff7fdd000,addr,<,0x7ffff7fe5000
eager,heap,1,addr,>,0x7ffff7ff7000,addr,<,0x7ffff81f7000
eager,mmap,1,addr,>,0x7ffff7ff7000,addr,<,0x7ffff81f7000
eager,heap,1,addr,>,0x7ffff7ffb000,addr,<,0x7ffff7ffe000
eager,mmap,1,addr,>,0x7ffff7ffb000,addr,<,0x7ffff7ffe000
eager,heap,1,addr,>,0x7fffffffa000,addr,<,0x7fffffffe000
eager,mmap,1,addr,>,0x7fffffffa000,addr,<,0x7fffffffe000
