huge,heap,48713922,addr,>,0x0,addr,<,0x7fffbe800000
huge,mmap,48713922,addr,>,0x0,addr,<,0x7fffbe800000
eager,heap,1,addr,>,0x555555554000,addr,<,0x5555555de000
eager,mmap,1,addr,>,0x555555554000,addr,<,0x5555555de000
eager,heap,1,addr,>,0x5555555e0000,addr,<,0x555555618000
eager,mmap,1,addr,>,0x5555555e0000,addr,<,0x555555618000
eager,heap,1,addr,>,0x55555561a000,addr,<,0x55555561f000
eager,mmap,1,addr,>,0x55555561a000,addr,<,0x55555561f000
eager,heap,1,addr,>,0x555555837000,addr,<,0x555555852000
eager,mmap,1,addr,>,0x555555837000,addr,<,0x555555852000
eager,heap,1,addr,>,0x7ff2bda00000,addr,<,0x7ff2bdbff000
eager,mmap,1,addr,>,0x7ff2bda00000,addr,<,0x7ff2bdbff000
eager,heap,1,addr,>,0x7ff2c3a00000,addr,<,0x7ff2c7bff000
eager,mmap,1,addr,>,0x7ff2c3a00000,addr,<,0x7ff2c7bff000
eager,heap,1,addr,>,0x7ff2c8a00000,addr,<,0x7ff2c9696000
eager,mmap,1,addr,>,0x7ff2c8a00000,addr,<,0x7ff2c9696000
eager,heap,1,addr,>,0x7ff2c9699000,addr,<,0x7ff2cb5b7000
eager,mmap,1,addr,>,0x7ff2c9699000,addr,<,0x7ff2cb5b7000
eager,heap,1,addr,>,0x7ff2cb5ba000,addr,<,0x7ff2cc732000
eager,mmap,1,addr,>,0x7ff2cb5ba000,addr,<,0x7ff2cc732000
eager,heap,1,addr,>,0x7ff2cc735000,addr,<,0x7ff2cc907000
eager,mmap,1,addr,>,0x7ff2cc735000,addr,<,0x7ff2cc907000
eager,heap,1,addr,>,0x7ff2cc90a000,addr,<,0x7ff2ced43000
eager,mmap,1,addr,>,0x7ff2cc90a000,addr,<,0x7ff2ced43000
eager,heap,1,addr,>,0x7ff2ced46000,addr,<,0x7ff2d24f1000
eager,mmap,1,addr,>,0x7ff2ced46000,addr,<,0x7ff2d24f1000
eager,heap,1,addr,>,0x7ff2d24f4000,addr,<,0x7ff2d6000000
eager,mmap,1,addr,>,0x7ff2d24f4000,addr,<,0x7ff2d6000000
eager,heap,1,addr,>,0x7ff2d6002000,addr,<,0x7ff2d8c8b000
eager,mmap,1,addr,>,0x7ff2d6002000,addr,<,0x7ff2d8c8b000
eager,heap,1,addr,>,0x7ff2d8c8e000,addr,<,0x7ff2da899000
eager,mmap,1,addr,>,0x7ff2d8c8e000,addr,<,0x7ff2da899000
eager,heap,1,addr,>,0x7ff2da89c000,addr,<,0x7ff2dec9f000
eager,mmap,1,addr,>,0x7ff2da89c000,addr,<,0x7ff2dec9f000
eager,heap,1,addr,>,0x7ff2deca2000,addr,<,0x7ff2dffcd000
eager,mmap,1,addr,>,0x7ff2deca2000,addr,<,0x7ff2dffcd000
eager,heap,1,addr,>,0x7ff2dffd0000,addr,<,0x7ff2e3475000
eager,mmap,1,addr,>,0x7ff2dffd0000,addr,<,0x7ff2e3475000
eager,heap,1,addr,>,0x7ff2e3478000,addr,<,0x7ff2e3585000
eager,mmap,1,addr,>,0x7ff2e3478000,addr,<,0x7ff2e3585000
eager,heap,1,addr,>,0x7ff2e3588000,addr,<,0x7ff2e9755000
eager,mmap,1,addr,>,0x7ff2e3588000,addr,<,0x7ff2e9755000
eager,heap,1,addr,>,0x7ff2e9758000,addr,<,0x7ff2e9e30000
eager,mmap,1,addr,>,0x7ff2e9758000,addr,<,0x7ff2e9e30000
eager,heap,1,addr,>,0x7ff2e9e33000,addr,<,0x7ff2ef964000
eager,mmap,1,addr,>,0x7ff2e9e33000,addr,<,0x7ff2ef964000
eager,heap,1,addr,>,0x7ff2ef967000,addr,<,0x7ff2f11bb000
eager,mmap,1,addr,>,0x7ff2ef967000,addr,<,0x7ff2f11bb000
eager,heap,1,addr,>,0x7ff2f11be000,addr,<,0x7ff2f7ff4000
eager,mmap,1,addr,>,0x7ff2f11be000,addr,<,0x7ff2f7ff4000
eager,heap,1,addr,>,0x7ff2f7ff7000,addr,<,0x7ff2f876f000
eager,mmap,1,addr,>,0x7ff2f7ff7000,addr,<,0x7ff2f876f000
eager,heap,1,addr,>,0x7ff2f8772000,addr,<,0x7ff2f89ad000
eager,mmap,1,addr,>,0x7ff2f8772000,addr,<,0x7ff2f89ad000
eager,heap,1,addr,>,0x7ff2f89b0000,addr,<,0x7ff2f8be8000
eager,mmap,1,addr,>,0x7ff2f89b0000,addr,<,0x7ff2f8be8000
eager,heap,1,addr,>,0x7ff2f8beb000,addr,<,0x7ff2f95ea000
eager,mmap,1,addr,>,0x7ff2f8beb000,addr,<,0x7ff2f95ea000
eager,heap,1,addr,>,0x7ff2f95ed000,addr,<,0x7ff302acc000
eager,mmap,1,addr,>,0x7ff2f95ed000,addr,<,0x7ff302acc000
eager,heap,1,addr,>,0x7ff302acf000,addr,<,0x7ff303910000
eager,mmap,1,addr,>,0x7ff302acf000,addr,<,0x7ff303910000
eager,heap,1,addr,>,0x7ff303913000,addr,<,0x7ff3040b9000
eager,mmap,1,addr,>,0x7ff303913000,addr,<,0x7ff3040b9000
eager,heap,1,addr,>,0x7ff3040bc000,addr,<,0x7ff305346000
eager,mmap,1,addr,>,0x7ff3040bc000,addr,<,0x7ff305346000
eager,heap,1,addr,>,0x7ff305349000,addr,<,0x7ff307370000
eager,mmap,1,addr,>,0x7ff305349000,addr,<,0x7ff307370000
eager,heap,1,addr,>,0x7ff307373000,addr,<,0x7ff307750000
eager,mmap,1,addr,>,0x7ff307373000,addr,<,0x7ff307750000
eager,heap,1,addr,>,0x7ff307753000,addr,<,0x7ff30c4a2000
eager,mmap,1,addr,>,0x7ff307753000,addr,<,0x7ff30c4a2000
eager,heap,1,addr,>,0x7ff30c4a5000,addr,<,0x7ff30d096000
eager,mmap,1,addr,>,0x7ff30c4a5000,addr,<,0x7ff30d096000
eager,heap,1,addr,>,0x7ff30d099000,addr,<,0x7ff31410d000
eager,mmap,1,addr,>,0x7ff30d099000,addr,<,0x7ff31410d000
eager,heap,1,addr,>,0x7ff314110000,addr,<,0x7ff31640a000
eager,mmap,1,addr,>,0x7ff314110000,addr,<,0x7ff31640a000
eager,heap,1,addr,>,0x7ff31640d000,addr,<,0x7ff31b723000
eager,mmap,1,addr,>,0x7ff31640d000,addr,<,0x7ff31b723000
eager,heap,1,addr,>,0x7ff31b726000,addr,<,0x7ff31c9f8000
eager,mmap,1,addr,>,0x7ff31b726000,addr,<,0x7ff31c9f8000
eager,heap,1,addr,>,0x7ff31c9fb000,addr,<,0x7ff31d592000
eager,mmap,1,addr,>,0x7ff31c9fb000,addr,<,0x7ff31d592000
eager,heap,1,addr,>,0x7ff31d595000,addr,<,0x7ff31e872000
eager,mmap,1,addr,>,0x7ff31d595000,addr,<,0x7ff31e872000
eager,heap,1,addr,>,0x7ff31e875000,addr,<,0x7ff322268000
eager,mmap,1,addr,>,0x7ff31e875000,addr,<,0x7ff322268000
eager,heap,1,addr,>,0x7ff32226b000,addr,<,0x7ff328f17000
eager,mmap,1,addr,>,0x7ff32226b000,addr,<,0x7ff328f17000
eager,heap,1,addr,>,0x7ff328f1a000,addr,<,0x7ff32a20b000
eager,mmap,1,addr,>,0x7ff328f1a000,addr,<,0x7ff32a20b000
eager,heap,1,addr,>,0x7ff32a20d000,addr,<,0x7ff32b00f000
eager,mmap,1,addr,>,0x7ff32a20d000,addr,<,0x7ff32b00f000
eager,heap,1,addr,>,0x7ff32b012000,addr,<,0x7ff32bcfa000
eager,mmap,1,addr,>,0x7ff32b012000,addr,<,0x7ff32bcfa000
eager,heap,1,addr,>,0x7ff32bcfd000,addr,<,0x7ff32be8f000
eager,mmap,1,addr,>,0x7ff32bcfd000,addr,<,0x7ff32be8f000
eager,heap,1,addr,>,0x7ff32be92000,addr,<,0x7ff32c3fc000
eager,mmap,1,addr,>,0x7ff32be92000,addr,<,0x7ff32c3fc000
eager,heap,1,addr,>,0x7ff32c3ff000,addr,<,0x7ff330165000
eager,mmap,1,addr,>,0x7ff32c3ff000,addr,<,0x7ff330165000
eager,heap,1,addr,>,0x7ff330168000,addr,<,0x7ff330633000
eager,mmap,1,addr,>,0x7ff330168000,addr,<,0x7ff330633000
eager,heap,1,addr,>,0x7ff330636000,addr,<,0x7ff334cdf000
eager,mmap,1,addr,>,0x7ff330636000,addr,<,0x7ff334cdf000
eager,heap,1,addr,>,0x7ff334ce2000,addr,<,0x7ff33581e000
eager,mmap,1,addr,>,0x7ff334ce2000,addr,<,0x7ff33581e000
eager,heap,1,addr,>,0x7ff335821000,addr,<,0x7ff33583d000
eager,mmap,1,addr,>,0x7ff335821000,addr,<,0x7ff33583d000
eager,heap,1,addr,>,0x7ff335840000,addr,<,0x7ff336578000
eager,mmap,1,addr,>,0x7ff335840000,addr,<,0x7ff336578000
eager,heap,1,addr,>,0x7ff33657b000,addr,<,0x7ff33919c000
eager,mmap,1,addr,>,0x7ff33657b000,addr,<,0x7ff33919c000
eager,heap,1,addr,>,0x7ff33919f000,addr,<,0x7ff339fc7000
eager,mmap,1,addr,>,0x7ff33919f000,addr,<,0x7ff339fc7000
eager,heap,1,addr,>,0x7ff339fca000,addr,<,0x7ff33abc0000
eager,mmap,1,addr,>,0x7ff339fca000,addr,<,0x7ff33abc0000
eager,heap,1,addr,>,0x7ff33abc3000,addr,<,0x7ff33aeed000
eager,mmap,1,addr,>,0x7ff33abc3000,addr,<,0x7ff33aeed000
eager,heap,1,addr,>,0x7ff33aef0000,addr,<,0x7ff33b97e000
eager,mmap,1,addr,>,0x7ff33aef0000,addr,<,0x7ff33b97e000
eager,heap,1,addr,>,0x7ff33b981000,addr,<,0x7ff34084f000
eager,mmap,1,addr,>,0x7ff33b981000,addr,<,0x7ff34084f000
eager,heap,1,addr,>,0x7ff340852000,addr,<,0x7ff342c59000
eager,mmap,1,addr,>,0x7ff340852000,addr,<,0x7ff342c59000
eager,heap,1,addr,>,0x7ff342c5c000,addr,<,0x7ff343968000
eager,mmap,1,addr,>,0x7ff342c5c000,addr,<,0x7ff343968000
eager,heap,1,addr,>,0x7ff34396b000,addr,<,0x7ff34511c000
eager,mmap,1,addr,>,0x7ff34396b000,addr,<,0x7ff34511c000
eager,heap,1,addr,>,0x7ff34511f000,addr,<,0x7ff347b29000
eager,mmap,1,addr,>,0x7ff34511f000,addr,<,0x7ff347b29000
eager,heap,1,addr,>,0x7ff347b2c000,addr,<,0x7ff34841b000
eager,mmap,1,addr,>,0x7ff347b2c000,addr,<,0x7ff34841b000
eager,heap,1,addr,>,0x7ff34841e000,addr,<,0x7ff34950a000
eager,mmap,1,addr,>,0x7ff34841e000,addr,<,0x7ff34950a000
eager,heap,1,addr,>,0x7ff34950d000,addr,<,0x7ff34a5eb000
eager,mmap,1,addr,>,0x7ff34950d000,addr,<,0x7ff34a5eb000
eager,heap,1,addr,>,0x7ff34a5ee000,addr,<,0x7ff34b408000
eager,mmap,1,addr,>,0x7ff34a5ee000,addr,<,0x7ff34b408000
eager,heap,1,addr,>,0x7ff34b40b000,addr,<,0x7ff34b65d000
eager,mmap,1,addr,>,0x7ff34b40b000,addr,<,0x7ff34b65d000
eager,heap,1,addr,>,0x7ff34b660000,addr,<,0x7ff34cffc000
eager,mmap,1,addr,>,0x7ff34b660000,addr,<,0x7ff34cffc000
eager,heap,1,addr,>,0x7ff34cfff000,addr,<,0x7ff356736000
eager,mmap,1,addr,>,0x7ff34cfff000,addr,<,0x7ff356736000
eager,heap,1,addr,>,0x7ff356739000,addr,<,0x7ff35955d000
eager,mmap,1,addr,>,0x7ff356739000,addr,<,0x7ff35955d000
eager,heap,1,addr,>,0x7ff359560000,addr,<,0x7ff35d1e4000
eager,mmap,1,addr,>,0x7ff359560000,addr,<,0x7ff35d1e4000
eager,heap,1,addr,>,0x7ff35d1e7000,addr,<,0x7ff35d3a1000
eager,mmap,1,addr,>,0x7ff35d1e7000,addr,<,0x7ff35d3a1000
eager,heap,1,addr,>,0x7ff35d3a4000,addr,<,0x7ff36091f000
eager,mmap,1,addr,>,0x7ff35d3a4000,addr,<,0x7ff36091f000
eager,heap,1,addr,>,0x7ff360922000,addr,<,0x7ff3610be000
eager,mmap,1,addr,>,0x7ff360922000,addr,<,0x7ff3610be000
eager,heap,1,addr,>,0x7ff3610c1000,addr,<,0x7ff36223c000
eager,mmap,1,addr,>,0x7ff3610c1000,addr,<,0x7ff36223c000
eager,heap,1,addr,>,0x7ff36223f000,addr,<,0x7ff362854000
eager,mmap,1,addr,>,0x7ff36223f000,addr,<,0x7ff362854000
eager,heap,1,addr,>,0x7ff362857000,addr,<,0x7ff363024000
eager,mmap,1,addr,>,0x7ff362857000,addr,<,0x7ff363024000
eager,heap,1,addr,>,0x7ff363027000,addr,<,0x7ff363d78000
eager,mmap,1,addr,>,0x7ff363027000,addr,<,0x7ff363d78000
eager,heap,1,addr,>,0x7ff363d7b000,addr,<,0x7ff364e87000
eager,mmap,1,addr,>,0x7ff363d7b000,addr,<,0x7ff364e87000
eager,heap,1,addr,>,0x7ff364e8a000,addr,<,0x7ff369ba1000
eager,mmap,1,addr,>,0x7ff364e8a000,addr,<,0x7ff369ba1000
eager,heap,1,addr,>,0x7ff369ba4000,addr,<,0x7ff36b035000
eager,mmap,1,addr,>,0x7ff369ba4000,addr,<,0x7ff36b035000
eager,heap,1,addr,>,0x7ff36b038000,addr,<,0x7ff36c909000
eager,mmap,1,addr,>,0x7ff36b038000,addr,<,0x7ff36c909000
eager,heap,1,addr,>,0x7ff36c90c000,addr,<,0x7ff36e301000
eager,mmap,1,addr,>,0x7ff36c90c000,addr,<,0x7ff36e301000
eager,heap,1,addr,>,0x7ff36e304000,addr,<,0x7ff36efbc000
eager,mmap,1,addr,>,0x7ff36e304000,addr,<,0x7ff36efbc000
eager,heap,1,addr,>,0x7ff36efbf000,addr,<,0x7ff371e91000
eager,mmap,1,addr,>,0x7ff36efbf000,addr,<,0x7ff371e91000
eager,heap,1,addr,>,0x7ff371e94000,addr,<,0x7ff375d03000
eager,mmap,1,addr,>,0x7ff371e94000,addr,<,0x7ff375d03000
eager,heap,1,addr,>,0x7ff375d06000,addr,<,0x7ff3783ee000
eager,mmap,1,addr,>,0x7ff375d06000,addr,<,0x7ff3783ee000
eager,heap,1,addr,>,0x7ff3783f1000,addr,<,0x7ff37d5ea000
eager,mmap,1,addr,>,0x7ff3783f1000,addr,<,0x7ff37d5ea000
eager,heap,1,addr,>,0x7ff37d5ed000,addr,<,0x7ff380fe8000
eager,mmap,1,addr,>,0x7ff37d5ed000,addr,<,0x7ff380fe8000
eager,heap,1,addr,>,0x7ff380feb000,addr,<,0x7ff383863000
eager,mmap,1,addr,>,0x7ff380feb000,addr,<,0x7ff383863000
eager,heap,1,addr,>,0x7ff383866000,addr,<,0x7ff383cd7000
eager,mmap,1,addr,>,0x7ff383866000,addr,<,0x7ff383cd7000
eager,heap,1,addr,>,0x7ff383cda000,addr,<,0x7ff385b89000
eager,mmap,1,addr,>,0x7ff383cda000,addr,<,0x7ff385b89000
eager,heap,1,addr,>,0x7ff385b8c000,addr,<,0x7ff386c1b000
eager,mmap,1,addr,>,0x7ff385b8c000,addr,<,0x7ff386c1b000
eager,heap,1,addr,>,0x7ff386c1e000,addr,<,0x7ff3876e9000
eager,mmap,1,addr,>,0x7ff386c1e000,addr,<,0x7ff3876e9000
eager,heap,1,addr,>,0x7ff3876ec000,addr,<,0x7ff38cc5d000
eager,mmap,1,addr,>,0x7ff3876ec000,addr,<,0x7ff38cc5d000
eager,heap,1,addr,>,0x7ff38cc60000,addr,<,0x7ff38d03a000
eager,mmap,1,addr,>,0x7ff38cc60000,addr,<,0x7ff38d03a000
eager,heap,1,addr,>,0x7ff38d03d000,addr,<,0x7ff38d767000
eager,mmap,1,addr,>,0x7ff38d03d000,addr,<,0x7ff38d767000
eager,heap,1,addr,>,0x7ff38d76a000,addr,<,0x7ff38d934000
eager,mmap,1,addr,>,0x7ff38d76a000,addr,<,0x7ff38d934000
eager,heap,1,addr,>,0x7ff38d937000,addr,<,0x7ff38e735000
eager,mmap,1,addr,>,0x7ff38d937000,addr,<,0x7ff38e735000
eager,heap,1,addr,>,0x7ff38e738000,addr,<,0x7ff391a6b000
eager,mmap,1,addr,>,0x7ff38e738000,addr,<,0x7ff391a6b000
eager,heap,1,addr,>,0x7ff391a6e000,addr,<,0x7ff3936dc000
eager,mmap,1,addr,>,0x7ff391a6e000,addr,<,0x7ff3936dc000
eager,heap,1,addr,>,0x7ff3936df000,addr,<,0x7ff394b33000
eager,mmap,1,addr,>,0x7ff3936df000,addr,<,0x7ff394b33000
eager,heap,1,addr,>,0x7ff394b36000,addr,<,0x7ff397db0000
eager,mmap,1,addr,>,0x7ff394b36000,addr,<,0x7ff397db0000
eager,heap,1,addr,>,0x7ff397db3000,addr,<,0x7ff39afe5000
eager,mmap,1,addr,>,0x7ff397db3000,addr,<,0x7ff39afe5000
eager,heap,1,addr,>,0x7ff39afe8000,addr,<,0x7ff39e688000
eager,mmap,1,addr,>,0x7ff39afe8000,addr,<,0x7ff39e688000
eager,heap,1,addr,>,0x7ff39e68b000,addr,<,0x7ff3a2554000
eager,mmap,1,addr,>,0x7ff39e68b000,addr,<,0x7ff3a2554000
eager,heap,1,addr,>,0x7ff3a2557000,addr,<,0x7ff3a6a4d000
eager,mmap,1,addr,>,0x7ff3a2557000,addr,<,0x7ff3a6a4d000
eager,heap,1,addr,>,0x7ff3a6a50000,addr,<,0x7ff3a71bc000
eager,mmap,1,addr,>,0x7ff3a6a50000,addr,<,0x7ff3a71bc000
eager,heap,1,addr,>,0x7ff3a71bf000,addr,<,0x7ff3a7fa2000
eager,mmap,1,addr,>,0x7ff3a71bf000,addr,<,0x7ff3a7fa2000
eager,heap,1,addr,>,0x7ff3a7fa5000,addr,<,0x7ff3a8809000
eager,mmap,1,addr,>,0x7ff3a7fa5000,addr,<,0x7ff3a8809000
eager,heap,1,addr,>,0x7ff3a880c000,addr,<,0x7ff3aa892000
eager,mmap,1,addr,>,0x7ff3a880c000,addr,<,0x7ff3aa892000
eager,heap,1,addr,>,0x7ff3aa895000,addr,<,0x7ff3acf36000
eager,mmap,1,addr,>,0x7ff3aa895000,addr,<,0x7ff3acf36000
eager,heap,1,addr,>,0x7ff3acf39000,addr,<,0x7ff3ad428000
eager,mmap,1,addr,>,0x7ff3acf39000,addr,<,0x7ff3ad428000
eager,heap,1,addr,>,0x7ff3ad42b000,addr,<,0x7ff3ae093000
eager,mmap,1,addr,>,0x7ff3ad42b000,addr,<,0x7ff3ae093000
eager,heap,1,addr,>,0x7ff3ae096000,addr,<,0x7ff3b2491000
eager,mmap,1,addr,>,0x7ff3ae096000,addr,<,0x7ff3b2491000
eager,heap,1,addr,>,0x7ff3b2494000,addr,<,0x7ff3b9a26000
eager,mmap,1,addr,>,0x7ff3b2494000,addr,<,0x7ff3b9a26000
eager,heap,1,addr,>,0x7ff3b9a29000,addr,<,0x7ff3bba5a000
eager,mmap,1,addr,>,0x7ff3b9a29000,addr,<,0x7ff3bba5a000
eager,heap,1,addr,>,0x7ff3bba5d000,addr,<,0x7ff3bed97000
eager,mmap,1,addr,>,0x7ff3bba5d000,addr,<,0x7ff3bed97000
eager,heap,1,addr,>,0x7ff3bed9a000,addr,<,0x7ff3befa3000
eager,mmap,1,addr,>,0x7ff3bed9a000,addr,<,0x7ff3befa3000
eager,heap,1,addr,>,0x7ff3befa6000,addr,<,0x7ff3c04a3000
eager,mmap,1,addr,>,0x7ff3befa6000,addr,<,0x7ff3c04a3000
eager,heap,1,addr,>,0x7ff3c04a6000,addr,<,0x7ff3c08b4000
eager,mmap,1,addr,>,0x7ff3c04a6000,addr,<,0x7ff3c08b4000
eager,heap,1,addr,>,0x7ff3c08b7000,addr,<,0x7ff3c3e70000
eager,mmap,1,addr,>,0x7ff3c08b7000,addr,<,0x7ff3c3e70000
eager,heap,1,addr,>,0x7ff3c3e73000,addr,<,0x7ff3c5d39000
eager,mmap,1,addr,>,0x7ff3c3e73000,addr,<,0x7ff3c5d39000
eager,heap,1,addr,>,0x7ff3c5d3c000,addr,<,0x7ff3cc479000
eager,mmap,1,addr,>,0x7ff3c5d3c000,addr,<,0x7ff3cc479000
eager,heap,1,addr,>,0x7ff3cc47c000,addr,<,0x7ff3ccaf1000
eager,mmap,1,addr,>,0x7ff3cc47c000,addr,<,0x7ff3ccaf1000
eager,heap,1,addr,>,0x7ff3ccaf4000,addr,<,0x7ff3cd518000
eager,mmap,1,addr,>,0x7ff3ccaf4000,addr,<,0x7ff3cd518000
eager,heap,1,addr,>,0x7ff3cd51b000,addr,<,0x7ff3cf67d000
eager,mmap,1,addr,>,0x7ff3cd51b000,addr,<,0x7ff3cf67d000
eager,heap,1,addr,>,0x7ff3cf680000,addr,<,0x7ff3d09d5000
eager,mmap,1,addr,>,0x7ff3cf680000,addr,<,0x7ff3d09d5000
eager,heap,1,addr,>,0x7ff3d09d8000,addr,<,0x7ff3d54e2000
eager,mmap,1,addr,>,0x7ff3d09d8000,addr,<,0x7ff3d54e2000
eager,heap,1,addr,>,0x7ff3d54e5000,addr,<,0x7ff3d60d3000
eager,mmap,1,addr,>,0x7ff3d54e5000,addr,<,0x7ff3d60d3000
eager,heap,1,addr,>,0x7ff3d60d6000,addr,<,0x7ff3d7f50000
eager,mmap,1,addr,>,0x7ff3d60d6000,addr,<,0x7ff3d7f50000
eager,heap,1,addr,>,0x7ff3d7f53000,addr,<,0x7ff3da846000
eager,mmap,1,addr,>,0x7ff3d7f53000,addr,<,0x7ff3da846000
eager,heap,1,addr,>,0x7ff3da849000,addr,<,0x7ff3df1cd000
eager,mmap,1,addr,>,0x7ff3da849000,addr,<,0x7ff3df1cd000
eager,heap,1,addr,>,0x7ff3df1d0000,addr,<,0x7ff3e0034000
eager,mmap,1,addr,>,0x7ff3df1d0000,addr,<,0x7ff3e0034000
eager,heap,1,addr,>,0x7ff3e0037000,addr,<,0x7ff3e09ee000
eager,mmap,1,addr,>,0x7ff3e0037000,addr,<,0x7ff3e09ee000
eager,heap,1,addr,>,0x7ff3e09f1000,addr,<,0x7ff3e3a63000
eager,mmap,1,addr,>,0x7ff3e09f1000,addr,<,0x7ff3e3a63000
eager,heap,1,addr,>,0x7ff3e3a66000,addr,<,0x7ff3e4ab6000
eager,mmap,1,addr,>,0x7ff3e3a66000,addr,<,0x7ff3e4ab6000
eager,heap,1,addr,>,0x7ff3e4ab9000,addr,<,0x7ff3e7c2b000
eager,mmap,1,addr,>,0x7ff3e4ab9000,addr,<,0x7ff3e7c2b000
eager,heap,1,addr,>,0x7ff3e7c2e000,addr,<,0x7ff3e8798000
eager,mmap,1,addr,>,0x7ff3e7c2e000,addr,<,0x7ff3e8798000
eager,heap,1,addr,>,0x7ff3e879b000,addr,<,0x7ff3f349f000
eager,mmap,1,addr,>,0x7ff3e879b000,addr,<,0x7ff3f349f000
eager,heap,1,addr,>,0x7ff3f34a2000,addr,<,0x7ff3f63ac000
eager,mmap,1,addr,>,0x7ff3f34a2000,addr,<,0x7ff3f63ac000
eager,heap,1,addr,>,0x7ff3f63af000,addr,<,0x7ff3f8951000
eager,mmap,1,addr,>,0x7ff3f63af000,addr,<,0x7ff3f8951000
eager,heap,1,addr,>,0x7ff3f8954000,addr,<,0x7ff3fb4c2000
eager,mmap,1,addr,>,0x7ff3f8954000,addr,<,0x7ff3fb4c2000
eager,heap,1,addr,>,0x7ff3fb4c5000,addr,<,0x7ff3fd168000
eager,mmap,1,addr,>,0x7ff3fb4c5000,addr,<,0x7ff3fd168000
eager,heap,1,addr,>,0x7ff3fd16b000,addr,<,0x7ff3ff7ec000
eager,mmap,1,addr,>,0x7ff3fd16b000,addr,<,0x7ff3ff7ec000
eager,heap,1,addr,>,0x7ff3ff7ef000,addr,<,0x7ff3fff16000
eager,mmap,1,addr,>,0x7ff3ff7ef000,addr,<,0x7ff3fff16000
eager,heap,1,addr,>,0x7ff3fff19000,addr,<,0x7ff40066b000
eager,mmap,1,addr,>,0x7ff3fff19000,addr,<,0x7ff40066b000
eager,heap,1,addr,>,0x7ff40066e000,addr,<,0x7ff403690000
eager,mmap,1,addr,>,0x7ff40066e000,addr,<,0x7ff403690000
eager,heap,1,addr,>,0x7ff403693000,addr,<,0x7ff403720000
eager,mmap,1,addr,>,0x7ff403693000,addr,<,0x7ff403720000
eager,heap,1,addr,>,0x7ff403723000,addr,<,0x7ff407d27000
eager,mmap,1,addr,>,0x7ff403723000,addr,<,0x7ff407d27000
eager,heap,1,addr,>,0x7ff407d2a000,addr,<,0x7ff407e59000
eager,mmap,1,addr,>,0x7ff407d2a000,addr,<,0x7ff407e59000
eager,heap,1,addr,>,0x7ff407e5c000,addr,<,0x7ff408560000
eager,mmap,1,addr,>,0x7ff407e5c000,addr,<,0x7ff408560000
eager,heap,1,addr,>,0x7ff408563000,addr,<,0x7ff40c538000
eager,mmap,1,addr,>,0x7ff408563000,addr,<,0x7ff40c538000
eager,heap,1,addr,>,0x7ff40c53b000,addr,<,0x7ff40db85000
eager,mmap,1,addr,>,0x7ff40c53b000,addr,<,0x7ff40db85000
eager,heap,1,addr,>,0x7ff40db88000,addr,<,0x7ff40fe66000
eager,mmap,1,addr,>,0x7ff40db88000,addr,<,0x7ff40fe66000
eager,heap,1,addr,>,0x7ff40fe69000,addr,<,0x7ff411664000
eager,mmap,1,addr,>,0x7ff40fe69000,addr,<,0x7ff411664000
eager,heap,1,addr,>,0x7ff411667000,addr,<,0x7ff412d7c000
eager,mmap,1,addr,>,0x7ff411667000,addr,<,0x7ff412d7c000
eager,heap,1,addr,>,0x7ff412d7f000,addr,<,0x7ff41371c000
eager,mmap,1,addr,>,0x7ff412d7f000,addr,<,0x7ff41371c000
eager,heap,1,addr,>,0x7ff41371f000,addr,<,0x7ff4196f7000
eager,mmap,1,addr,>,0x7ff41371f000,addr,<,0x7ff4196f7000
eager,heap,1,addr,>,0x7ff4196fa000,addr,<,0x7ff41c2ab000
eager,mmap,1,addr,>,0x7ff4196fa000,addr,<,0x7ff41c2ab000
eager,heap,1,addr,>,0x7ff41c2ae000,addr,<,0x7ff41e615000
eager,mmap,1,addr,>,0x7ff41c2ae000,addr,<,0x7ff41e615000
eager,heap,1,addr,>,0x7ff41e618000,addr,<,0x7ff41f644000
eager,mmap,1,addr,>,0x7ff41e618000,addr,<,0x7ff41f644000
eager,heap,1,addr,>,0x7ff41f647000,addr,<,0x7ff424cc4000
eager,mmap,1,addr,>,0x7ff41f647000,addr,<,0x7ff424cc4000
eager,heap,1,addr,>,0x7ff424cc7000,addr,<,0x7ff42bfe2000
eager,mmap,1,addr,>,0x7ff424cc7000,addr,<,0x7ff42bfe2000
eager,heap,1,addr,>,0x7ff42bfe5000,addr,<,0x7ff42c85d000
eager,mmap,1,addr,>,0x7ff42bfe5000,addr,<,0x7ff42c85d000
eager,heap,1,addr,>,0x7ff42c860000,addr,<,0x7ff42d84c000
eager,mmap,1,addr,>,0x7ff42c860000,addr,<,0x7ff42d84c000
eager,heap,1,addr,>,0x7ff42d84f000,addr,<,0x7ff42e9d5000
eager,mmap,1,addr,>,0x7ff42d84f000,addr,<,0x7ff42e9d5000
eager,heap,1,addr,>,0x7ff42e9d8000,addr,<,0x7ff42efbd000
eager,mmap,1,addr,>,0x7ff42e9d8000,addr,<,0x7ff42efbd000
eager,heap,1,addr,>,0x7ff42efc0000,addr,<,0x7ff42f0ca000
eager,mmap,1,addr,>,0x7ff42efc0000,addr,<,0x7ff42f0ca000
eager,heap,1,addr,>,0x7ff42f0cd000,addr,<,0x7ff43145a000
eager,mmap,1,addr,>,0x7ff42f0cd000,addr,<,0x7ff43145a000
eager,heap,1,addr,>,0x7ff43145d000,addr,<,0x7ff432821000
eager,mmap,1,addr,>,0x7ff43145d000,addr,<,0x7ff432821000
eager,heap,1,addr,>,0x7ff432824000,addr,<,0x7ff433a18000
eager,mmap,1,addr,>,0x7ff432824000,addr,<,0x7ff433a18000
eager,heap,1,addr,>,0x7ff433a1b000,addr,<,0x7ff43ea5b000
eager,mmap,1,addr,>,0x7ff433a1b000,addr,<,0x7ff43ea5b000
eager,heap,1,addr,>,0x7ff43ea5e000,addr,<,0x7ff43f77e000
eager,mmap,1,addr,>,0x7ff43ea5e000,addr,<,0x7ff43f77e000
eager,heap,1,addr,>,0x7ff43f781000,addr,<,0x7ff4412e2000
eager,mmap,1,addr,>,0x7ff43f781000,addr,<,0x7ff4412e2000
eager,heap,1,addr,>,0x7ff4412e5000,addr,<,0x7ff441701000
eager,mmap,1,addr,>,0x7ff4412e5000,addr,<,0x7ff441701000
eager,heap,1,addr,>,0x7ff441704000,addr,<,0x7ff44287e000
eager,mmap,1,addr,>,0x7ff441704000,addr,<,0x7ff44287e000
eager,heap,1,addr,>,0x7ff442881000,addr,<,0x7ff44455b000
eager,mmap,1,addr,>,0x7ff442881000,addr,<,0x7ff44455b000
eager,heap,1,addr,>,0x7ff44455d000,addr,<,0x7ff444563000
eager,mmap,1,addr,>,0x7ff44455d000,addr,<,0x7ff444563000
eager,heap,1,addr,>,0x7ff444565000,addr,<,0x7ff4445b4000
eager,mmap,1,addr,>,0x7ff444565000,addr,<,0x7ff4445b4000
eager,heap,1,addr,>,0x7ff4445b7000,addr,<,0x7ff4445eb000
eager,mmap,1,addr,>,0x7ff4445b7000,addr,<,0x7ff4445eb000
eager,heap,1,addr,>,0x7ff4445ee000,addr,<,0x7ff444608000
eager,mmap,1,addr,>,0x7ff4445ee000,addr,<,0x7ff444608000
eager,heap,1,addr,>,0x7ff44460b000,addr,<,0x7ff444684000
eager,mmap,1,addr,>,0x7ff44460b000,addr,<,0x7ff444684000
eager,heap,1,addr,>,0x7ff444687000,addr,<,0x7ff4446f0000
eager,mmap,1,addr,>,0x7ff444687000,addr,<,0x7ff4446f0000
eager,heap,1,addr,>,0x7ff4446f3000,addr,<,0x7ff44471c000
eager,mmap,1,addr,>,0x7ff4446f3000,addr,<,0x7ff44471c000
eager,heap,1,addr,>,0x7ff44471f000,addr,<,0x7ff44534b000
eager,mmap,1,addr,>,0x7ff44471f000,addr,<,0x7ff44534b000
eager,heap,1,addr,>,0x7ff44534e000,addr,<,0x7ff445755000
eager,mmap,1,addr,>,0x7ff44534e000,addr,<,0x7ff445755000
eager,heap,1,addr,>,0x7ff445758000,addr,<,0x7ff4457dc000
eager,mmap,1,addr,>,0x7ff445758000,addr,<,0x7ff4457dc000
eager,heap,1,addr,>,0x7ff4457df000,addr,<,0x7ff4457fb000
eager,mmap,1,addr,>,0x7ff4457df000,addr,<,0x7ff4457fb000
eager,heap,1,addr,>,0x7ff4457fe000,addr,<,0x7ff445866000
eager,mmap,1,addr,>,0x7ff4457fe000,addr,<,0x7ff445866000
eager,heap,1,addr,>,0x7ff445869000,addr,<,0x7ff445895000
eager,mmap,1,addr,>,0x7ff445869000,addr,<,0x7ff445895000
eager,heap,1,addr,>,0x7ff445898000,addr,<,0x7ff44593b000
eager,mmap,1,addr,>,0x7ff445898000,addr,<,0x7ff44593b000
eager,heap,1,addr,>,0x7ff44593e000,addr,<,0x7ff4459a9000
eager,mmap,1,addr,>,0x7ff44593e000,addr,<,0x7ff4459a9000
eager,heap,1,addr,>,0x7ff4459ac000,addr,<,0x7ff4459cf000
eager,mmap,1,addr,>,0x7ff4459ac000,addr,<,0x7ff4459cf000
eager,heap,1,addr,>,0x7ff4459d2000,addr,<,0x7ff445a2d000
eager,mmap,1,addr,>,0x7ff4459d2000,addr,<,0x7ff445a2d000
eager,heap,1,addr,>,0x7ff445a30000,addr,<,0x7ff445a4a000
eager,mmap,1,addr,>,0x7ff445a30000,addr,<,0x7ff445a4a000
eager,heap,1,addr,>,0x7ff445a4d000,addr,<,0x7ff445ae4000
eager,mmap,1,addr,>,0x7ff445a4d000,addr,<,0x7ff445ae4000
eager,heap,1,addr,>,0x7ff445ae7000,addr,<,0x7ff445be5000
eager,mmap,1,addr,>,0x7ff445ae7000,addr,<,0x7ff445be5000
eager,heap,1,addr,>,0x7ff445be8000,addr,<,0x7ff445c1c000
eager,mmap,1,addr,>,0x7ff445be8000,addr,<,0x7ff445c1c000
eager,heap,1,addr,>,0x7ff445c1f000,addr,<,0x7ff445c4a000
eager,mmap,1,addr,>,0x7ff445c1f000,addr,<,0x7ff445c4a000
eager,heap,1,addr,>,0x7ff445c4d000,addr,<,0x7ff445cec000
eager,mmap,1,addr,>,0x7ff445c4d000,addr,<,0x7ff445cec000
eager,heap,1,addr,>,0x7ff445cef000,addr,<,0x7ff445d53000
eager,mmap,1,addr,>,0x7ff445cef000,addr,<,0x7ff445d53000
eager,heap,1,addr,>,0x7ff445d56000,addr,<,0x7ff445de5000
eager,mmap,1,addr,>,0x7ff445d56000,addr,<,0x7ff445de5000
eager,heap,1,addr,>,0x7ff445de8000,addr,<,0x7ff445e10000
eager,mmap,1,addr,>,0x7ff445de8000,addr,<,0x7ff445e10000
eager,heap,1,addr,>,0x7ff445e13000,addr,<,0x7ff445e55000
eager,mmap,1,addr,>,0x7ff445e13000,addr,<,0x7ff445e55000
eager,heap,1,addr,>,0x7ff445e58000,addr,<,0x7ff445e9f000
eager,mmap,1,addr,>,0x7ff445e58000,addr,<,0x7ff445e9f000
eager,heap,1,addr,>,0x7ff445ea2000,addr,<,0x7ff445f28000
eager,mmap,1,addr,>,0x7ff445ea2000,addr,<,0x7ff445f28000
eager,heap,1,addr,>,0x7ff445f2a000,addr,<,0x7ff445f48000
eager,mmap,1,addr,>,0x7ff445f2a000,addr,<,0x7ff445f48000
eager,heap,1,addr,>,0x7ff445f4b000,addr,<,0x7ff445f6f000
eager,mmap,1,addr,>,0x7ff445f4b000,addr,<,0x7ff445f6f000
eager,heap,1,addr,>,0x7ff445f72000,addr,<,0x7ff445f80000
eager,mmap,1,addr,>,0x7ff445f72000,addr,<,0x7ff445f80000
eager,heap,1,addr,>,0x7ff445f83000,addr,<,0x7ff445fa0000
eager,mmap,1,addr,>,0x7ff445f83000,addr,<,0x7ff445fa0000
eager,heap,1,addr,>,0x7ff445fa3000,addr,<,0x7ff445fbd000
eager,mmap,1,addr,>,0x7ff445fa3000,addr,<,0x7ff445fbd000
eager,heap,1,addr,>,0x7ff445fc0000,addr,<,0x7ff445fc8000
eager,mmap,1,addr,>,0x7ff445fc0000,addr,<,0x7ff445fc8000
eager,heap,1,addr,>,0x7ff445fcb000,addr,<,0x7ff445fd9000
eager,mmap,1,addr,>,0x7ff445fcb000,addr,<,0x7ff445fd9000
eager,heap,1,addr,>,0x7ff445fdc000,addr,<,0x7ff446087000
eager,mmap,1,addr,>,0x7ff445fdc000,addr,<,0x7ff446087000
eager,heap,1,addr,>,0x7ff44608a000,addr,<,0x7ff4460bd000
eager,mmap,1,addr,>,0x7ff44608a000,addr,<,0x7ff4460bd000
eager,heap,1,addr,>,0x7ff4460c0000,addr,<,0x7ff446109000
eager,mmap,1,addr,>,0x7ff4460c0000,addr,<,0x7ff446109000
eager,heap,1,addr,>,0x7ff44610c000,addr,<,0x7ff446190000
eager,mmap,1,addr,>,0x7ff44610c000,addr,<,0x7ff446190000
eager,heap,1,addr,>,0x7ff446193000,addr,<,0x7ff4461ad000
eager,mmap,1,addr,>,0x7ff446193000,addr,<,0x7ff4461ad000
eager,heap,1,addr,>,0x7ff4461b0000,addr,<,0x7ff4461c3000
eager,mmap,1,addr,>,0x7ff4461b0000,addr,<,0x7ff4461c3000
eager,heap,1,addr,>,0x7ff4461c6000,addr,<,0x7ff4461fc000
eager,mmap,1,addr,>,0x7ff4461c6000,addr,<,0x7ff4461fc000
eager,heap,1,addr,>,0x7ff4461ff000,addr,<,0x7ff446275000
eager,mmap,1,addr,>,0x7ff4461ff000,addr,<,0x7ff446275000
eager,heap,1,addr,>,0x7ff446278000,addr,<,0x7ff446400000
eager,mmap,1,addr,>,0x7ff446278000,addr,<,0x7ff446400000
eager,heap,1,addr,>,0x7ff446402000,addr,<,0x7ff446406000
eager,mmap,1,addr,>,0x7ff446402000,addr,<,0x7ff446406000
eager,heap,1,addr,>,0x7ff446408000,addr,<,0x7ff44640a000
eager,mmap,1,addr,>,0x7ff446408000,addr,<,0x7ff44640a000
eager,heap,1,addr,>,0x7ff44640e000,addr,<,0x7ff446412000
eager,mmap,1,addr,>,0x7ff44640e000,addr,<,0x7ff446412000
eager,heap,1,addr,>,0x7ff446414000,addr,<,0x7ff446418000
eager,mmap,1,addr,>,0x7ff446414000,addr,<,0x7ff446418000
eager,heap,1,addr,>,0x7ff44641a000,addr,<,0x7ff44641e000
eager,mmap,1,addr,>,0x7ff44641a000,addr,<,0x7ff44641e000
eager,heap,1,addr,>,0x7ff446420000,addr,<,0x7ff446424000
eager,mmap,1,addr,>,0x7ff446420000,addr,<,0x7ff446424000
eager,heap,1,addr,>,0x7ff446426000,addr,<,0x7ff44642a000
eager,mmap,1,addr,>,0x7ff446426000,addr,<,0x7ff44642a000
eager,heap,1,addr,>,0x7ff446432000,addr,<,0x7ff446436000
eager,mmap,1,addr,>,0x7ff446432000,addr,<,0x7ff446436000
eager,heap,1,addr,>,0x7ff44643e000,addr,<,0x7ff446442000
eager,mmap,1,addr,>,0x7ff44643e000,addr,<,0x7ff446442000
eager,heap,1,addr,>,0x7ff446449000,addr,<,0x7ff44644b000
eager,mmap,1,addr,>,0x7ff446449000,addr,<,0x7ff44644b000
eager,heap,1,addr,>,0x7ff44644f000,addr,<,0x7ff446453000
eager,mmap,1,addr,>,0x7ff44644f000,addr,<,0x7ff446453000
eager,heap,1,addr,>,0x7ff44645a000,addr,<,0x7ff44645e000
eager,mmap,1,addr,>,0x7ff44645a000,addr,<,0x7ff44645e000
eager,heap,1,addr,>,0x7ff446463000,addr,<,0x7ff446467000
eager,mmap,1,addr,>,0x7ff446463000,addr,<,0x7ff446467000
eager,heap,1,addr,>,0x7ff446469000,addr,<,0x7ff44647c000
eager,mmap,1,addr,>,0x7ff446469000,addr,<,0x7ff44647c000
eager,heap,1,addr,>,0x7ff446484000,addr,<,0x7ff446488000
eager,mmap,1,addr,>,0x7ff446484000,addr,<,0x7ff446488000
eager,heap,1,addr,>,0x7ff44648c000,addr,<,0x7ff446490000
eager,mmap,1,addr,>,0x7ff44648c000,addr,<,0x7ff446490000
eager,heap,1,addr,>,0x7ff446492000,addr,<,0x7ff446496000
eager,mmap,1,addr,>,0x7ff446492000,addr,<,0x7ff446496000
eager,heap,1,addr,>,0x7ff44649a000,addr,<,0x7ff44649e000
eager,mmap,1,addr,>,0x7ff44649a000,addr,<,0x7ff44649e000
eager,heap,1,addr,>,0x7ff4464a8000,addr,<,0x7ff4464ac000
eager,mmap,1,addr,>,0x7ff4464a8000,addr,<,0x7ff4464ac000
eager,heap,1,addr,>,0x7ff4464b7000,addr,<,0x7ff4464bb000
eager,mmap,1,addr,>,0x7ff4464b7000,addr,<,0x7ff4464bb000
eager,heap,1,addr,>,0x7ff4464bd000,addr,<,0x7ff4464c6000
eager,mmap,1,addr,>,0x7ff4464bd000,addr,<,0x7ff4464c6000
eager,heap,1,addr,>,0x7ff4464d6000,addr,<,0x7ff4464dd000
eager,mmap,1,addr,>,0x7ff4464d6000,addr,<,0x7ff4464dd000
eager,heap,1,addr,>,0x7ff4464df000,addr,<,0x7ff4464e3000
eager,mmap,1,addr,>,0x7ff4464df000,addr,<,0x7ff4464e3000
eager,heap,1,addr,>,0x7ff4464f1000,addr,<,0x7ff4464f5000
eager,mmap,1,addr,>,0x7ff4464f1000,addr,<,0x7ff4464f5000
eager,heap,1,addr,>,0x7ff4464f7000,addr,<,0x7ff4464fb000
eager,mmap,1,addr,>,0x7ff4464f7000,addr,<,0x7ff4464fb000
eager,heap,1,addr,>,0x7ff4464fd000,addr,<,0x7ff446501000
eager,mmap,1,addr,>,0x7ff4464fd000,addr,<,0x7ff446501000
eager,heap,1,addr,>,0x7ff446503000,addr,<,0x7ff44650c000
eager,mmap,1,addr,>,0x7ff446503000,addr,<,0x7ff44650c000
eager,heap,1,addr,>,0x7ff44650e000,addr,<,0x7ff446512000
eager,mmap,1,addr,>,0x7ff44650e000,addr,<,0x7ff446512000
eager,heap,1,addr,>,0x7ff446514000,addr,<,0x7ff44651d000
eager,mmap,1,addr,>,0x7ff446514000,addr,<,0x7ff44651d000
eager,heap,1,addr,>,0x7ff446533000,addr,<,0x7ff446537000
eager,mmap,1,addr,>,0x7ff446533000,addr,<,0x7ff446537000
eager,heap,1,addr,>,0x7ff44653e000,addr,<,0x7ff446542000
eager,mmap,1,addr,>,0x7ff44653e000,addr,<,0x7ff446542000
eager,heap,1,addr,>,0x7ff446544000,addr,<,0x7ff446548000
eager,mmap,1,addr,>,0x7ff446544000,addr,<,0x7ff446548000
eager,heap,1,addr,>,0x7ff446552000,addr,<,0x7ff446556000
eager,mmap,1,addr,>,0x7ff446552000,addr,<,0x7ff446556000
eager,heap,1,addr,>,0x7ff44655c000,addr,<,0x7ff446560000
eager,mmap,1,addr,>,0x7ff44655c000,addr,<,0x7ff446560000
eager,heap,1,addr,>,0x7ff446581000,addr,<,0x7ff446585000
eager,mmap,1,addr,>,0x7ff446581000,addr,<,0x7ff446585000
eager,heap,1,addr,>,0x7ff446587000,addr,<,0x7ff44658b000
eager,mmap,1,addr,>,0x7ff446587000,addr,<,0x7ff44658b000
eager,heap,1,addr,>,0x7ff446590000,addr,<,0x7ff446594000
eager,mmap,1,addr,>,0x7ff446590000,addr,<,0x7ff446594000
eager,heap,1,addr,>,0x7ff446596000,addr,<,0x7ff44659a000
eager,mmap,1,addr,>,0x7ff446596000,addr,<,0x7ff44659a000
eager,heap,1,addr,>,0x7ff44659c000,addr,<,0x7ff4465a5000
eager,mmap,1,addr,>,0x7ff44659c000,addr,<,0x7ff4465a5000
eager,heap,1,addr,>,0x7ff4465a7000,addr,<,0x7ff4465ab000
eager,mmap,1,addr,>,0x7ff4465a7000,addr,<,0x7ff4465ab000
eager,heap,1,addr,>,0x7ff4465af000,addr,<,0x7ff4465b3000
eager,mmap,1,addr,>,0x7ff4465af000,addr,<,0x7ff4465b3000
eager,heap,1,addr,>,0x7ff4465b8000,addr,<,0x7ff4465c1000
eager,mmap,1,addr,>,0x7ff4465b8000,addr,<,0x7ff4465c1000
eager,heap,1,addr,>,0x7ff4465c3000,addr,<,0x7ff4465c7000
eager,mmap,1,addr,>,0x7ff4465c3000,addr,<,0x7ff4465c7000
eager,heap,1,addr,>,0x7ff4465cc000,addr,<,0x7ff4465d5000
eager,mmap,1,addr,>,0x7ff4465cc000,addr,<,0x7ff4465d5000
eager,heap,1,addr,>,0x7ff4465dd000,addr,<,0x7ff4465e1000
eager,mmap,1,addr,>,0x7ff4465dd000,addr,<,0x7ff4465e1000
eager,heap,1,addr,>,0x7ff4465e8000,addr,<,0x7ff4465ec000
eager,mmap,1,addr,>,0x7ff4465e8000,addr,<,0x7ff4465ec000
eager,heap,1,addr,>,0x7ff4465f6000,addr,<,0x7ff4465fa000
eager,mmap,1,addr,>,0x7ff4465f6000,addr,<,0x7ff4465fa000
eager,heap,1,addr,>,0x7ff4465fe000,addr,<,0x7ff446602000
eager,mmap,1,addr,>,0x7ff4465fe000,addr,<,0x7ff446602000
eager,heap,1,addr,>,0x7ff446607000,addr,<,0x7ff44660b000
eager,mmap,1,addr,>,0x7ff446607000,addr,<,0x7ff44660b000
eager,heap,1,addr,>,0x7ff446610000,addr,<,0x7ff446614000
eager,mmap,1,addr,>,0x7ff446610000,addr,<,0x7ff446614000
eager,heap,1,addr,>,0x7ff446616000,addr,<,0x7ff44661a000
eager,mmap,1,addr,>,0x7ff446616000,addr,<,0x7ff44661a000
eager,heap,1,addr,>,0x7ff44661f000,addr,<,0x7ff446623000
eager,mmap,1,addr,>,0x7ff44661f000,addr,<,0x7ff446623000
eager,heap,1,addr,>,0x7ff446625000,addr,<,0x7ff446629000
eager,mmap,1,addr,>,0x7ff446625000,addr,<,0x7ff446629000
eager,heap,1,addr,>,0x7ff44662b000,addr,<,0x7ff44662f000
eager,mmap,1,addr,>,0x7ff44662b000,addr,<,0x7ff44662f000
eager,heap,1,addr,>,0x7ff446634000,addr,<,0x7ff446636000
eager,mmap,1,addr,>,0x7ff446634000,addr,<,0x7ff446636000
eager,heap,1,addr,>,0x7ff44663a000,addr,<,0x7ff446643000
eager,mmap,1,addr,>,0x7ff44663a000,addr,<,0x7ff446643000
eager,heap,1,addr,>,0x7ff44664f000,addr,<,0x7ff446653000
eager,mmap,1,addr,>,0x7ff44664f000,addr,<,0x7ff446653000
eager,heap,1,addr,>,0x7ff446657000,addr,<,0x7ff44665b000
eager,mmap,1,addr,>,0x7ff446657000,addr,<,0x7ff44665b000
eager,heap,1,addr,>,0x7ff446660000,addr,<,0x7ff446664000
eager,mmap,1,addr,>,0x7ff446660000,addr,<,0x7ff446664000
eager,heap,1,addr,>,0x7ff446666000,addr,<,0x7ff44666a000
eager,mmap,1,addr,>,0x7ff446666000,addr,<,0x7ff44666a000
eager,heap,1,addr,>,0x7ff44666c000,addr,<,0x7ff446670000
eager,mmap,1,addr,>,0x7ff44666c000,addr,<,0x7ff446670000
eager,heap,1,addr,>,0x7ff44667a000,addr,<,0x7ff446683000
eager,mmap,1,addr,>,0x7ff44667a000,addr,<,0x7ff446683000
eager,heap,1,addr,>,0x7ff446688000,addr,<,0x7ff44668c000
eager,mmap,1,addr,>,0x7ff446688000,addr,<,0x7ff44668c000
eager,heap,1,addr,>,0x7ff446691000,addr,<,0x7ff44669a000
eager,mmap,1,addr,>,0x7ff446691000,addr,<,0x7ff44669a000
eager,heap,1,addr,>,0x7ff44669c000,addr,<,0x7ff4466a5000
eager,mmap,1,addr,>,0x7ff44669c000,addr,<,0x7ff4466a5000
eager,heap,1,addr,>,0x7ff4466a7000,addr,<,0x7ff4466b0000
eager,mmap,1,addr,>,0x7ff4466a7000,addr,<,0x7ff4466b0000
eager,heap,1,addr,>,0x7ff4466b2000,addr,<,0x7ff4466b6000
eager,mmap,1,addr,>,0x7ff4466b2000,addr,<,0x7ff4466b6000
eager,heap,1,addr,>,0x7ff4466b8000,addr,<,0x7ff4466bf000
eager,mmap,1,addr,>,0x7ff4466b8000,addr,<,0x7ff4466bf000
eager,heap,1,addr,>,0x7ff4466c1000,addr,<,0x7ff4466c5000
eager,mmap,1,addr,>,0x7ff4466c1000,addr,<,0x7ff4466c5000
eager,heap,1,addr,>,0x7ff4466c7000,addr,<,0x7ff4466d0000
eager,mmap,1,addr,>,0x7ff4466c7000,addr,<,0x7ff4466d0000
eager,heap,1,addr,>,0x7ff4466d5000,addr,<,0x7ff4466d9000
eager,mmap,1,addr,>,0x7ff4466d5000,addr,<,0x7ff4466d9000
eager,heap,1,addr,>,0x7ff4466e0000,addr,<,0x7ff4466e4000
eager,mmap,1,addr,>,0x7ff4466e0000,addr,<,0x7ff4466e4000
eager,heap,1,addr,>,0x7ff4466ef000,addr,<,0x7ff4466f3000
eager,mmap,1,addr,>,0x7ff4466ef000,addr,<,0x7ff4466f3000
eager,heap,1,addr,>,0x7ff4466f5000,addr,<,0x7ff4466f9000
eager,mmap,1,addr,>,0x7ff4466f5000,addr,<,0x7ff4466f9000
eager,heap,1,addr,>,0x7ff446707000,addr,<,0x7ff44670b000
eager,mmap,1,addr,>,0x7ff446707000,addr,<,0x7ff44670b000
eager,heap,1,addr,>,0x7ff44670f000,addr,<,0x7ff446713000
eager,mmap,1,addr,>,0x7ff44670f000,addr,<,0x7ff446713000
eager,heap,1,addr,>,0x7ff446718000,addr,<,0x7ff44671e000
eager,mmap,1,addr,>,0x7ff446718000,addr,<,0x7ff44671e000
eager,heap,1,addr,>,0x7ff446722000,addr,<,0x7ff446726000
eager,mmap,1,addr,>,0x7ff446722000,addr,<,0x7ff446726000
eager,heap,1,addr,>,0x7ff44672b000,addr,<,0x7ff44672f000
eager,mmap,1,addr,>,0x7ff44672b000,addr,<,0x7ff44672f000
eager,heap,1,addr,>,0x7ff446734000,addr,<,0x7ff446738000
eager,mmap,1,addr,>,0x7ff446734000,addr,<,0x7ff446738000
eager,heap,1,addr,>,0x7ff446753000,addr,<,0x7ff446757000
eager,mmap,1,addr,>,0x7ff446753000,addr,<,0x7ff446757000
eager,heap,1,addr,>,0x7ff446765000,addr,<,0x7ff446769000
eager,mmap,1,addr,>,0x7ff446765000,addr,<,0x7ff446769000
eager,heap,1,addr,>,0x7ff44676b000,addr,<,0x7ff44676f000
eager,mmap,1,addr,>,0x7ff44676b000,addr,<,0x7ff44676f000
eager,heap,1,addr,>,0x7ff446776000,addr,<,0x7ff44677a000
eager,mmap,1,addr,>,0x7ff446776000,addr,<,0x7ff44677a000
eager,heap,1,addr,>,0x7ff44677e000,addr,<,0x7ff446783000
eager,mmap,1,addr,>,0x7ff44677e000,addr,<,0x7ff446783000
eager,heap,1,addr,>,0x7ff446787000,addr,<,0x7ff44678b000
eager,mmap,1,addr,>,0x7ff446787000,addr,<,0x7ff44678b000
eager,heap,1,addr,>,0x7ff44678d000,addr,<,0x7ff446791000
eager,mmap,1,addr,>,0x7ff44678d000,addr,<,0x7ff446791000
eager,heap,1,addr,>,0x7ff446798000,addr,<,0x7ff44679c000
eager,mmap,1,addr,>,0x7ff446798000,addr,<,0x7ff44679c000
eager,heap,1,addr,>,0x7ff44679e000,addr,<,0x7ff4467a7000
eager,mmap,1,addr,>,0x7ff44679e000,addr,<,0x7ff4467a7000
eager,heap,1,addr,>,0x7ff4467ac000,addr,<,0x7ff4467b0000
eager,mmap,1,addr,>,0x7ff4467ac000,addr,<,0x7ff4467b0000
eager,heap,1,addr,>,0x7ff4467b5000,addr,<,0x7ff4467be000
eager,mmap,1,addr,>,0x7ff4467b5000,addr,<,0x7ff4467be000
eager,heap,1,addr,>,0x7ff4467c0000,addr,<,0x7ff4467c4000
eager,mmap,1,addr,>,0x7ff4467c0000,addr,<,0x7ff4467c4000
eager,heap,1,addr,>,0x7ff4467c6000,addr,<,0x7ff4467ca000
eager,mmap,1,addr,>,0x7ff4467c6000,addr,<,0x7ff4467ca000
eager,heap,1,addr,>,0x7ff4467d8000,addr,<,0x7ff4467dc000
eager,mmap,1,addr,>,0x7ff4467d8000,addr,<,0x7ff4467dc000
eager,heap,1,addr,>,0x7ff4467de000,addr,<,0x7ff4467e2000
eager,mmap,1,addr,>,0x7ff4467de000,addr,<,0x7ff4467e2000
eager,heap,1,addr,>,0x7ff4467f5000,addr,<,0x7ff4467fe000
eager,mmap,1,addr,>,0x7ff4467f5000,addr,<,0x7ff4467fe000
eager,heap,1,addr,>,0x7ff446803000,addr,<,0x7ff44680c000
eager,mmap,1,addr,>,0x7ff446803000,addr,<,0x7ff44680c000
eager,heap,1,addr,>,0x7ff44680e000,addr,<,0x7ff446812000
eager,mmap,1,addr,>,0x7ff44680e000,addr,<,0x7ff446812000
eager,heap,1,addr,>,0x7ff446816000,addr,<,0x7ff44681a000
eager,mmap,1,addr,>,0x7ff446816000,addr,<,0x7ff44681a000
eager,heap,1,addr,>,0x7ff446827000,addr,<,0x7ff44682b000
eager,mmap,1,addr,>,0x7ff446827000,addr,<,0x7ff44682b000
eager,heap,1,addr,>,0x7ff44682d000,addr,<,0x7ff446831000
eager,mmap,1,addr,>,0x7ff44682d000,addr,<,0x7ff446831000
eager,heap,1,addr,>,0x7ff446833000,addr,<,0x7ff446837000
eager,mmap,1,addr,>,0x7ff446833000,addr,<,0x7ff446837000
eager,heap,1,addr,>,0x7ff44683b000,addr,<,0x7ff44683f000
eager,mmap,1,addr,>,0x7ff44683b000,addr,<,0x7ff44683f000
eager,heap,1,addr,>,0x7ff446841000,addr,<,0x7ff446848000
eager,mmap,1,addr,>,0x7ff446841000,addr,<,0x7ff446848000
eager,heap,1,addr,>,0x7ff44684a000,addr,<,0x7ff44684e000
eager,mmap,1,addr,>,0x7ff44684a000,addr,<,0x7ff44684e000
eager,heap,1,addr,>,0x7ff446850000,addr,<,0x7ff446854000
eager,mmap,1,addr,>,0x7ff446850000,addr,<,0x7ff446854000
eager,heap,1,addr,>,0x7ff446856000,addr,<,0x7ff44685a000
eager,mmap,1,addr,>,0x7ff446856000,addr,<,0x7ff44685a000
eager,heap,1,addr,>,0x7ff44685e000,addr,<,0x7ff446862000
eager,mmap,1,addr,>,0x7ff44685e000,addr,<,0x7ff446862000
eager,heap,1,addr,>,0x7ff446864000,addr,<,0x7ff446868000
eager,mmap,1,addr,>,0x7ff446864000,addr,<,0x7ff446868000
eager,heap,1,addr,>,0x7ff44686a000,addr,<,0x7ff44686e000
eager,mmap,1,addr,>,0x7ff44686a000,addr,<,0x7ff44686e000
eager,heap,1,addr,>,0x7ff446870000,addr,<,0x7ff446874000
eager,mmap,1,addr,>,0x7ff446870000,addr,<,0x7ff446874000
eager,heap,1,addr,>,0x7ff44687b000,addr,<,0x7ff44687d000
eager,mmap,1,addr,>,0x7ff44687b000,addr,<,0x7ff44687d000
eager,heap,1,addr,>,0x7ff446884000,addr,<,0x7ff446888000
eager,mmap,1,addr,>,0x7ff446884000,addr,<,0x7ff446888000
eager,heap,1,addr,>,0x7ff4468a0000,addr,<,0x7ff4468a4000
eager,mmap,1,addr,>,0x7ff4468a0000,addr,<,0x7ff4468a4000
eager,heap,1,addr,>,0x7ff4468a6000,addr,<,0x7ff4468aa000
eager,mmap,1,addr,>,0x7ff4468a6000,addr,<,0x7ff4468aa000
eager,heap,1,addr,>,0x7ff4468ac000,addr,<,0x7ff4468b0000
eager,mmap,1,addr,>,0x7ff4468ac000,addr,<,0x7ff4468b0000
eager,heap,1,addr,>,0x7ff4468b5000,addr,<,0x7ff4468b9000
eager,mmap,1,addr,>,0x7ff4468b5000,addr,<,0x7ff4468b9000
eager,heap,1,addr,>,0x7ff4468bb000,addr,<,0x7ff4468bf000
eager,mmap,1,addr,>,0x7ff4468bb000,addr,<,0x7ff4468bf000
eager,heap,1,addr,>,0x7ff4468c4000,addr,<,0x7ff4468c8000
eager,mmap,1,addr,>,0x7ff4468c4000,addr,<,0x7ff4468c8000
eager,heap,1,addr,>,0x7ff4468d5000,addr,<,0x7ff4468d9000
eager,mmap,1,addr,>,0x7ff4468d5000,addr,<,0x7ff4468d9000
eager,heap,1,addr,>,0x7ff4468e7000,addr,<,0x7ff4468eb000
eager,mmap,1,addr,>,0x7ff4468e7000,addr,<,0x7ff4468eb000
eager,heap,1,addr,>,0x7ff4468f9000,addr,<,0x7ff4468fd000
eager,mmap,1,addr,>,0x7ff4468f9000,addr,<,0x7ff4468fd000
eager,heap,1,addr,>,0x7ff4468ff000,addr,<,0x7ff446903000
eager,mmap,1,addr,>,0x7ff4468ff000,addr,<,0x7ff446903000
eager,heap,1,addr,>,0x7ff44690b000,addr,<,0x7ff44690f000
eager,mmap,1,addr,>,0x7ff44690b000,addr,<,0x7ff44690f000
eager,heap,1,addr,>,0x7ff446911000,addr,<,0x7ff446915000
eager,mmap,1,addr,>,0x7ff446911000,addr,<,0x7ff446915000
eager,heap,1,addr,>,0x7ff446917000,addr,<,0x7ff446920000
eager,mmap,1,addr,>,0x7ff446917000,addr,<,0x7ff446920000
eager,heap,1,addr,>,0x7ff446922000,addr,<,0x7ff446926000
eager,mmap,1,addr,>,0x7ff446922000,addr,<,0x7ff446926000
eager,heap,1,addr,>,0x7ff446933000,addr,<,0x7ff446937000
eager,mmap,1,addr,>,0x7ff446933000,addr,<,0x7ff446937000
eager,heap,1,addr,>,0x7ff446939000,addr,<,0x7ff44693d000
eager,mmap,1,addr,>,0x7ff446939000,addr,<,0x7ff44693d000
eager,heap,1,addr,>,0x7ff446942000,addr,<,0x7ff446944000
eager,mmap,1,addr,>,0x7ff446942000,addr,<,0x7ff446944000
eager,heap,1,addr,>,0x7ff446951000,addr,<,0x7ff446955000
eager,mmap,1,addr,>,0x7ff446951000,addr,<,0x7ff446955000
eager,heap,1,addr,>,0x7ff446957000,addr,<,0x7ff44695b000
eager,mmap,1,addr,>,0x7ff446957000,addr,<,0x7ff44695b000
eager,heap,1,addr,>,0x7ff44695d000,addr,<,0x7ff4495e2000
eager,mmap,1,addr,>,0x7ff44695d000,addr,<,0x7ff4495e2000
eager,heap,1,addr,>,0x7ff4495e5000,addr,<,0x7ff44a0c5000
eager,mmap,1,addr,>,0x7ff4495e5000,addr,<,0x7ff44a0c5000
eager,heap,1,addr,>,0x7ff44a0cb000,addr,<,0x7ff44a4e4000
eager,mmap,1,addr,>,0x7ff44a0cb000,addr,<,0x7ff44a4e4000
eager,heap,1,addr,>,0x7ff44a4ea000,addr,<,0x7ff44cc24000
eager,mmap,1,addr,>,0x7ff44a4ea000,addr,<,0x7ff44cc24000
eager,heap,1,addr,>,0x7ff44cc27000,addr,<,0x7ff44d07c000
eager,mmap,1,addr,>,0x7ff44cc27000,addr,<,0x7ff44d07c000
eager,heap,1,addr,>,0x7ff44d09e000,addr,<,0x7ff44e04c000
eager,mmap,1,addr,>,0x7ff44d09e000,addr,<,0x7ff44e04c000
eager,heap,1,addr,>,0x7ff44e052000,addr,<,0x7ff44e0ba000
eager,mmap,1,addr,>,0x7ff44e052000,addr,<,0x7ff44e0ba000
eager,heap,1,addr,>,0x7ff44e0c0000,addr,<,0x7ff4548dc000
eager,mmap,1,addr,>,0x7ff44e0c0000,addr,<,0x7ff4548dc000
eager,heap,1,addr,>,0x7ff4548df000,addr,<,0x7ff458416000
eager,mmap,1,addr,>,0x7ff4548df000,addr,<,0x7ff458416000
eager,heap,1,addr,>,0x7ff45841c000,addr,<,0x7ff4611f6000
eager,mmap,1,addr,>,0x7ff45841c000,addr,<,0x7ff4611f6000
eager,heap,1,addr,>,0x7ff4611fc000,addr,<,0x7ff466548000
eager,mmap,1,addr,>,0x7ff4611fc000,addr,<,0x7ff466548000
eager,heap,1,addr,>,0x7ff46654e000,addr,<,0x7ff467fd1000
eager,mmap,1,addr,>,0x7ff46654e000,addr,<,0x7ff467fd1000
eager,heap,1,addr,>,0x7ff467fd4000,addr,<,0x7ff4687ff000
eager,mmap,1,addr,>,0x7ff467fd4000,addr,<,0x7ff4687ff000
eager,heap,1,addr,>,0x7ff468bb7000,addr,<,0x7ff468bff000
eager,mmap,1,addr,>,0x7ff468bb7000,addr,<,0x7ff468bff000
eager,heap,1,addr,>,0x7ff4c8a00000,addr,<,0x7ff4cfbff000
eager,mmap,1,addr,>,0x7ff4c8a00000,addr,<,0x7ff4cfbff000
eager,heap,1,addr,>,0x7ff4d0a00000,addr,<,0x7ff4d2bff000
eager,mmap,1,addr,>,0x7ff4d0a00000,addr,<,0x7ff4d2bff000
eager,heap,1,addr,>,0x7ff4d3200000,addr,<,0x7ffa5ebff000
eager,mmap,1,addr,>,0x7ff4d3200000,addr,<,0x7ffa5ebff000
eager,heap,1,addr,>,0x7ffa5f200000,addr,<,0x7ffa603ff000
eager,mmap,1,addr,>,0x7ffa5f200000,addr,<,0x7ffa603ff000
eager,heap,1,addr,>,0x7ffa60600000,addr,<,0x7ffd273ff000
eager,mmap,1,addr,>,0x7ffa60600000,addr,<,0x7ffd273ff000
eager,heap,1,addr,>,0x7ffd27600000,addr,<,0x7fffc9fff000
eager,mmap,1,addr,>,0x7ffd27600000,addr,<,0x7fffc9fff000
eager,heap,1,addr,>,0x7fffca1bb000,addr,<,0x7fffee4ba000
eager,mmap,1,addr,>,0x7fffca1bb000,addr,<,0x7fffee4ba000
eager,heap,1,addr,>,0x7fffeecb9000,addr,<,0x7fffeecbb000
eager,mmap,1,addr,>,0x7fffeecb9000,addr,<,0x7fffeecbb000
eager,heap,1,addr,>,0x7fffef4ba000,addr,<,0x7fffef4cc000
eager,mmap,1,addr,>,0x7fffef4ba000,addr,<,0x7fffef4cc000
eager,heap,1,addr,>,0x7fffef4e0000,addr,<,0x7fffef4ef000
eager,mmap,1,addr,>,0x7fffef4e0000,addr,<,0x7fffef4ef000
eager,heap,1,addr,>,0x7fffef500000,addr,<,0x7fffef50f000
eager,mmap,1,addr,>,0x7fffef500000,addr,<,0x7fffef50f000
eager,heap,1,addr,>,0x7fffef520000,addr,<,0x7fffef528000
eager,mmap,1,addr,>,0x7fffef520000,addr,<,0x7fffef528000
eager,heap,1,addr,>,0x7fffef52a000,addr,<,0x7fffef52f000
eager,mmap,1,addr,>,0x7fffef52a000,addr,<,0x7fffef52f000
eager,heap,1,addr,>,0x7fffef610000,addr,<,0x7fffef61f000
eager,mmap,1,addr,>,0x7fffef610000,addr,<,0x7fffef61f000
eager,heap,1,addr,>,0x7fffef650000,addr,<,0x7fffef658000
eager,mmap,1,addr,>,0x7fffef650000,addr,<,0x7fffef658000
eager,heap,1,addr,>,0x7fffef65a000,addr,<,0x7fffef65f000
eager,mmap,1,addr,>,0x7fffef65a000,addr,<,0x7fffef65f000
eager,heap,1,addr,>,0x7ffff5a00000,addr,<,0x7ffff61ff000
eager,mmap,1,addr,>,0x7ffff5a00000,addr,<,0x7ffff61ff000
eager,heap,1,addr,>,0x7ffff64fe000,addr,<,0x7ffff6504000
eager,mmap,1,addr,>,0x7ffff64fe000,addr,<,0x7ffff6504000
eager,heap,1,addr,>,0x7ffff6506000,addr,<,0x7ffff6525000
eager,mmap,1,addr,>,0x7ffff6506000,addr,<,0x7ffff6525000
eager,heap,1,addr,>,0x7ffff6527000,addr,<,0x7ffff652d000
eager,mmap,1,addr,>,0x7ffff6527000,addr,<,0x7ffff652d000
eager,heap,1,addr,>,0x7ffff6534000,addr,<,0x7ffff6535000
eager,mmap,1,addr,>,0x7ffff6534000,addr,<,0x7ffff6535000
eager,heap,1,addr,>,0x7ffff653a000,addr,<,0x7ffff673a000
eager,mmap,1,addr,>,0x7ffff653a000,addr,<,0x7ffff673a000
eager,heap,1,addr,>,0x7ffff653d000,addr,<,0x7ffff673d000
eager,mmap,1,addr,>,0x7ffff653d000,addr,<,0x7ffff673d000
eager,heap,1,addr,>,0x7ffff6544000,addr,<,0x7ffff6547000
eager,mmap,1,addr,>,0x7ffff6544000,addr,<,0x7ffff6547000
eager,heap,1,addr,>,0x7ffff654e000,addr,<,0x7ffff654f000
eager,mmap,1,addr,>,0x7ffff654e000,addr,<,0x7ffff654f000
eager,heap,1,addr,>,0x7ffff6553000,addr,<,0x7ffff655c000
eager,mmap,1,addr,>,0x7ffff6553000,addr,<,0x7ffff655c000
eager,heap,1,addr,>,0x7ffff6560000,addr,<,0x7ffff6561000
eager,mmap,1,addr,>,0x7ffff6560000,addr,<,0x7ffff6561000
eager,heap,1,addr,>,0x7ffff6565000,addr,<,0x7ffff65dc000
eager,mmap,1,addr,>,0x7ffff6565000,addr,<,0x7ffff65dc000
eager,heap,1,addr,>,0x7ffff65e4000,addr,<,0x7ffff67e4000
eager,mmap,1,addr,>,0x7ffff65e4000,addr,<,0x7ffff67e4000
eager,heap,1,addr,>,0x7ffff65ef000,addr,<,0x7ffff67ef000
eager,mmap,1,addr,>,0x7ffff65ef000,addr,<,0x7ffff67ef000
eager,heap,1,addr,>,0x7ffff65fe000,addr,<,0x7ffff67fe000
eager,mmap,1,addr,>,0x7ffff65fe000,addr,<,0x7ffff67fe000
eager,heap,1,addr,>,0x7ffff6601000,addr,<,0x7ffff6604000
eager,mmap,1,addr,>,0x7ffff6601000,addr,<,0x7ffff6604000
eager,heap,1,addr,>,0x7ffff660a000,addr,<,0x7ffff6612000
eager,mmap,1,addr,>,0x7ffff660a000,addr,<,0x7ffff6612000
eager,heap,1,addr,>,0x7ffff6615000,addr,<,0x7ffff6701000
eager,mmap,1,addr,>,0x7ffff6615000,addr,<,0x7ffff6701000
eager,heap,1,addr,>,0x7ffff6703000,addr,<,0x7ffff670d000
eager,mmap,1,addr,>,0x7ffff6703000,addr,<,0x7ffff670d000
eager,heap,1,addr,>,0x7ffff6912000,addr,<,0x7ffff697f000
eager,mmap,1,addr,>,0x7ffff6912000,addr,<,0x7ffff697f000
eager,heap,1,addr,>,0x7ffff69c0000,addr,<,0x7ffff69cf000
eager,mmap,1,addr,>,0x7ffff69c0000,addr,<,0x7ffff69cf000
eager,heap,1,addr,>,0x7ffff69d1000,addr,<,0x7ffff69df000
eager,mmap,1,addr,>,0x7ffff69d1000,addr,<,0x7ffff69df000
eager,heap,1,addr,>,0x7ffff6bfd000,addr,<,0x7ffff6c06000
eager,mmap,1,addr,>,0x7ffff6bfd000,addr,<,0x7ffff6c06000
eager,heap,1,addr,>,0x7ffff6c18000,addr,<,0x7ffff6e18000
eager,mmap,1,addr,>,0x7ffff6c18000,addr,<,0x7ffff6e18000
eager,heap,1,addr,>,0x7ffff6c1a000,addr,<,0x7ffff6cef000
eager,mmap,1,addr,>,0x7ffff6c1a000,addr,<,0x7ffff6cef000
eager,heap,1,addr,>,0x7ffff6d00000,addr,<,0x7ffff6d3f000
eager,mmap,1,addr,>,0x7ffff6d00000,addr,<,0x7ffff6d3f000
eager,heap,1,addr,>,0x7ffff6d50000,addr,<,0x7ffff6d7d000
eager,mmap,1,addr,>,0x7ffff6d50000,addr,<,0x7ffff6d7d000
eager,heap,1,addr,>,0x7ffff6d7f000,addr,<,0x7ffff6dab000
eager,mmap,1,addr,>,0x7ffff6d7f000,addr,<,0x7ffff6dab000
eager,heap,1,addr,>,0x7ffff6dad000,addr,<,0x7ffff6daf000
eager,mmap,1,addr,>,0x7ffff6dad000,addr,<,0x7ffff6daf000
eager,heap,1,addr,>,0x7ffff6fdf000,addr,<,0x7ffff6fe6000
eager,mmap,1,addr,>,0x7ffff6fdf000,addr,<,0x7ffff6fe6000
eager,heap,1,addr,>,0x7ffff6fe8000,addr,<,0x7ffff71e8000
eager,mmap,1,addr,>,0x7ffff6fe8000,addr,<,0x7ffff71e8000
eager,heap,1,addr,>,0x7ffff6fea000,addr,<,0x7ffff6fff000
eager,mmap,1,addr,>,0x7ffff6fea000,addr,<,0x7ffff6fff000
eager,heap,1,addr,>,0x7ffff7200000,addr,<,0x7ffff7201000
eager,mmap,1,addr,>,0x7ffff7200000,addr,<,0x7ffff7201000
eager,heap,1,addr,>,0x7ffff7205000,addr,<,0x7ffff722f000
eager,mmap,1,addr,>,0x7ffff7205000,addr,<,0x7ffff722f000
eager,heap,1,addr,>,0x7ffff7436000,addr,<,0x7ffff743b000
eager,mmap,1,addr,>,0x7ffff7436000,addr,<,0x7ffff743b000
eager,heap,1,addr,>,0x7ffff763c000,addr,<,0x7ffff7655000
eager,mmap,1,addr,>,0x7ffff763c000,addr,<,0x7ffff7655000
eager,heap,1,addr,>,0x7ffff7657000,addr,<,0x7ffff765d000
eager,mmap,1,addr,>,0x7ffff7657000,addr,<,0x7ffff765d000
eager,heap,1,addr,>,0x7ffff765f000,addr,<,0x7ffff766f000
eager,mmap,1,addr,>,0x7ffff765f000,addr,<,0x7ffff766f000
eager,heap,1,addr,>,0x7ffff793e000,addr,<,0x7ffff795f000
eager,mmap,1,addr,>,0x7ffff793e000,addr,<,0x7ffff795f000
eager,heap,1,addr,>,0x7ffff7980000,addr,<,0x7ffff799b000
eager,mmap,1,addr,>,0x7ffff7980000,addr,<,0x7ffff799b000
eager,heap,1,addr,>,0x7ffff799d000,addr,<,0x7ffff79bf000
eager,mmap,1,addr,>,0x7ffff799d000,addr,<,0x7ffff79bf000
eager,heap,1,addr,>,0x7ffff7bc3000,addr,<,0x7ffff7bc9000
eager,mmap,1,addr,>,0x7ffff7bc3000,addr,<,0x7ffff7bc9000
eager,heap,1,addr,>,0x7ffff7bd0000,addr,<,0x7ffff7bd8000
eager,mmap,1,addr,>,0x7ffff7bd0000,addr,<,0x7ffff7bd8000
eager,heap,1,addr,>,0x7ffff7cd8000,addr,<,0x7ffff7ed8000
eager,mmap,1,addr,>,0x7ffff7cd8000,addr,<,0x7ffff7ed8000
eager,heap,1,addr,>,0x7ffff7dd8000,addr,<,0x7ffff7dfc000
eager,mmap,1,addr,>,0x7ffff7dd8000,addr,<,0x7ffff7dfc000
eager,heap,1,addr,>,0x7ffff7fdd000,addr,<,0x7ffff7fe5000
eager,mmap,1,addr,>,0x7ffff7fdd000,addr,<,0x7ffff7fe5000
eager,heap,1,addr,>,0x7ffff7ff7000,addr,<,0x7ffff81f7000
eager,mmap,1,addr,>,0x7ffff7ff7000,addr,<,0x7ffff81f7000
eager,heap,1,addr,>,0x7ffff7ffb000,addr,<,0x7ffff7ffe000
eager,mmap,1,addr,>,0x7ffff7ffb000,addr,<,0x7ffff7ffe000
eager,heap,1,addr,>,0x7fffffffa000,addr,<,0x7fffffffe000
eager,mmap,1,addr,>,0x7fffffffa000,addr,<,0x7fffffffe000
