huge,heap,21531397,addr,>,0x0,addr,<,0x556816c00000
huge,mmap,21531397,addr,>,0x0,addr,<,0x556816c00000
eager,heap,1,addr,>,0x555555554000,addr,<,0x555555563000
eager,mmap,1,addr,>,0x555555554000,addr,<,0x555555563000
eager,heap,1,addr,>,0x555555590000,addr,<,0x55555559f000
eager,mmap,1,addr,>,0x555555590000,addr,<,0x55555559f000
eager,heap,1,addr,>,0x5555555c0000,addr,<,0x5555555cf000
eager,mmap,1,addr,>,0x5555555c0000,addr,<,0x5555555cf000
eager,heap,1,addr,>,0x555555631000,addr,<,0x55555563f000
eager,mmap,1,addr,>,0x555555631000,addr,<,0x55555563f000
eager,heap,1,addr,>,0x555555660000,addr,<,0x55555566f000
eager,mmap,1,addr,>,0x555555660000,addr,<,0x55555566f000
eager,heap,1,addr,>,0x555555680000,addr,<,0x55555569f000
eager,mmap,1,addr,>,0x555555680000,addr,<,0x55555569f000
eager,heap,1,addr,>,0x555555750000,addr,<,0x555555756000
eager,mmap,1,addr,>,0x555555750000,addr,<,0x555555756000
eager,heap,1,addr,>,0x555555758000,addr,<,0x55555576f000
eager,mmap,1,addr,>,0x555555758000,addr,<,0x55555576f000
eager,heap,1,addr,>,0x555555780000,addr,<,0x55555578e000
eager,mmap,1,addr,>,0x555555780000,addr,<,0x55555578e000
eager,heap,1,addr,>,0x555555c30000,addr,<,0x555555c3f000
eager,mmap,1,addr,>,0x555555c30000,addr,<,0x555555c3f000
eager,heap,1,addr,>,0x555555da0000,addr,<,0x555555e6f000
eager,mmap,1,addr,>,0x555555da0000,addr,<,0x555555e6f000
eager,heap,1,addr,>,0x5555560b0000,addr,<,0x5555560bf000
eager,mmap,1,addr,>,0x5555560b0000,addr,<,0x5555560bf000
eager,heap,1,addr,>,0x5555560e0000,addr,<,0x5555560ef000
eager,mmap,1,addr,>,0x5555560e0000,addr,<,0x5555560ef000
eager,heap,1,addr,>,0x555556100000,addr,<,0x55555610d000
eager,mmap,1,addr,>,0x555556100000,addr,<,0x55555610d000
eager,heap,1,addr,>,0x55555610f000,addr,<,0x55555630f000
eager,mmap,1,addr,>,0x55555610f000,addr,<,0x55555630f000
eager,heap,1,addr,>,0x55555613a000,addr,<,0x55555614f000
eager,mmap,1,addr,>,0x55555613a000,addr,<,0x55555614f000
eager,heap,1,addr,>,0x5555561b0000,addr,<,0x5555561bd000
eager,mmap,1,addr,>,0x5555561b0000,addr,<,0x5555561bd000
eager,heap,1,addr,>,0x5555561bf000,addr,<,0x5555563bf000
eager,mmap,1,addr,>,0x5555561bf000,addr,<,0x5555563bf000
eager,heap,1,addr,>,0x5555561f0000,addr,<,0x5555563f0000
eager,mmap,1,addr,>,0x5555561f0000,addr,<,0x5555563f0000
eager,heap,1,addr,>,0x5555561f2000,addr,<,0x5555561f8000
eager,mmap,1,addr,>,0x5555561f2000,addr,<,0x5555561f8000
eager,heap,1,addr,>,0x555556220000,addr,<,0x55555622f000
eager,mmap,1,addr,>,0x555556220000,addr,<,0x55555622f000
eager,heap,1,addr,>,0x555556290000,addr,<,0x55555629f000
eager,mmap,1,addr,>,0x555556290000,addr,<,0x55555629f000
eager,heap,1,addr,>,0x555556390000,addr,<,0x5555563af000
eager,mmap,1,addr,>,0x555556390000,addr,<,0x5555563af000
eager,heap,1,addr,>,0x5555563c0000,addr,<,0x5555563d4000
eager,mmap,1,addr,>,0x5555563c0000,addr,<,0x5555563d4000
eager,heap,1,addr,>,0x5555563d6000,addr,<,0x5555563ff000
eager,mmap,1,addr,>,0x5555563d6000,addr,<,0x5555563ff000
eager,heap,1,addr,>,0x555556480000,addr,<,0x5555564a7000
eager,mmap,1,addr,>,0x555556480000,addr,<,0x5555564a7000
eager,heap,1,addr,>,0x5555564a9000,addr,<,0x55555650a000
eager,mmap,1,addr,>,0x5555564a9000,addr,<,0x55555650a000
eager,heap,1,addr,>,0x55555650c000,addr,<,0x555556557000
eager,mmap,1,addr,>,0x55555650c000,addr,<,0x555556557000
eager,heap,1,addr,>,0x555556559000,addr,<,0x55555659b000
eager,mmap,1,addr,>,0x555556559000,addr,<,0x55555659b000
eager,heap,1,addr,>,0x55555659d000,addr,<,0x55555663b000
eager,mmap,1,addr,>,0x55555659d000,addr,<,0x55555663b000
eager,heap,1,addr,>,0x55555663d000,addr,<,0x555556662000
eager,mmap,1,addr,>,0x55555663d000,addr,<,0x555556662000
eager,heap,1,addr,>,0x555556664000,addr,<,0x55555666f000
eager,mmap,1,addr,>,0x555556664000,addr,<,0x55555666f000
eager,heap,1,addr,>,0x555556680000,addr,<,0x5555566b0000
eager,mmap,1,addr,>,0x555556680000,addr,<,0x5555566b0000
eager,heap,1,addr,>,0x5555566b2000,addr,<,0x5555566e3000
eager,mmap,1,addr,>,0x5555566b2000,addr,<,0x5555566e3000
eager,heap,1,addr,>,0x5555566e5000,addr,<,0x5555566f7000
eager,mmap,1,addr,>,0x5555566e5000,addr,<,0x5555566f7000
eager,heap,1,addr,>,0x5555566f9000,addr,<,0x555556742000
eager,mmap,1,addr,>,0x5555566f9000,addr,<,0x555556742000
eager,heap,1,addr,>,0x555556744000,addr,<,0x555556779000
eager,mmap,1,addr,>,0x555556744000,addr,<,0x555556779000
eager,heap,1,addr,>,0x55555677b000,addr,<,0x5555567a3000
eager,mmap,1,addr,>,0x55555677b000,addr,<,0x5555567a3000
eager,heap,1,addr,>,0x5555567a5000,addr,<,0x5555567d1000
eager,mmap,1,addr,>,0x5555567a5000,addr,<,0x5555567d1000
eager,heap,1,addr,>,0x5555567d3000,addr,<,0x5555567df000
eager,mmap,1,addr,>,0x5555567d3000,addr,<,0x5555567df000
eager,heap,1,addr,>,0x5555567f0000,addr,<,0x5555567fb000
eager,mmap,1,addr,>,0x5555567f0000,addr,<,0x5555567fb000
eager,heap,1,addr,>,0x5555567fd000,addr,<,0x555556816000
eager,mmap,1,addr,>,0x5555567fd000,addr,<,0x555556816000
eager,heap,1,addr,>,0x555556818000,addr,<,0x55555682b000
eager,mmap,1,addr,>,0x555556818000,addr,<,0x55555682b000
eager,heap,1,addr,>,0x55555682d000,addr,<,0x55555683b000
eager,mmap,1,addr,>,0x55555682d000,addr,<,0x55555683b000
eager,heap,1,addr,>,0x55555683d000,addr,<,0x555556856000
eager,mmap,1,addr,>,0x55555683d000,addr,<,0x555556856000
eager,heap,1,addr,>,0x555556858000,addr,<,0x555556871000
eager,mmap,1,addr,>,0x555556858000,addr,<,0x555556871000
eager,heap,1,addr,>,0x555556873000,addr,<,0x55555688b000
eager,mmap,1,addr,>,0x555556873000,addr,<,0x55555688b000
eager,heap,1,addr,>,0x55555688d000,addr,<,0x55555688f000
eager,mmap,1,addr,>,0x55555688d000,addr,<,0x55555688f000
eager,heap,1,addr,>,0x5555568a0000,addr,<,0x5555568b4000
eager,mmap,1,addr,>,0x5555568a0000,addr,<,0x5555568b4000
eager,heap,1,addr,>,0x5555568b6000,addr,<,0x5555568f4000
eager,mmap,1,addr,>,0x5555568b6000,addr,<,0x5555568f4000
eager,heap,1,addr,>,0x5555568f6000,addr,<,0x55555696e000
eager,mmap,1,addr,>,0x5555568f6000,addr,<,0x55555696e000
eager,heap,1,addr,>,0x555556970000,addr,<,0x55555698e000
eager,mmap,1,addr,>,0x555556970000,addr,<,0x55555698e000
eager,heap,1,addr,>,0x555556990000,addr,<,0x55555699e000
eager,mmap,1,addr,>,0x555556990000,addr,<,0x55555699e000
eager,heap,1,addr,>,0x5555569a0000,addr,<,0x5555569e1000
eager,mmap,1,addr,>,0x5555569a0000,addr,<,0x5555569e1000
eager,heap,1,addr,>,0x5555569e3000,addr,<,0x5555569ef000
eager,mmap,1,addr,>,0x5555569e3000,addr,<,0x5555569ef000
eager,heap,1,addr,>,0x555556a00000,addr,<,0x555556a0e000
eager,mmap,1,addr,>,0x555556a00000,addr,<,0x555556a0e000
eager,heap,1,addr,>,0x555556a10000,addr,<,0x555556a2f000
eager,mmap,1,addr,>,0x555556a10000,addr,<,0x555556a2f000
eager,heap,1,addr,>,0x555556a40000,addr,<,0x555556a5b000
eager,mmap,1,addr,>,0x555556a40000,addr,<,0x555556a5b000
eager,heap,1,addr,>,0x555556a5d000,addr,<,0x555556a5f000
eager,mmap,1,addr,>,0x555556a5d000,addr,<,0x555556a5f000
eager,heap,1,addr,>,0x555556a70000,addr,<,0x555556a8f000
eager,mmap,1,addr,>,0x555556a70000,addr,<,0x555556a8f000
eager,heap,1,addr,>,0x555556aa0000,addr,<,0x555556aae000
eager,mmap,1,addr,>,0x555556aa0000,addr,<,0x555556aae000
eager,heap,1,addr,>,0x555556ab0000,addr,<,0x555556abf000
eager,mmap,1,addr,>,0x555556ab0000,addr,<,0x555556abf000
eager,heap,1,addr,>,0x555556ad0000,addr,<,0x555556ae2000
eager,mmap,1,addr,>,0x555556ad0000,addr,<,0x555556ae2000
eager,heap,1,addr,>,0x555556ae4000,addr,<,0x555556af2000
eager,mmap,1,addr,>,0x555556ae4000,addr,<,0x555556af2000
eager,heap,1,addr,>,0x555556af4000,addr,<,0x555556aff000
eager,mmap,1,addr,>,0x555556af4000,addr,<,0x555556aff000
eager,heap,1,addr,>,0x555556b10000,addr,<,0x555556b1b000
eager,mmap,1,addr,>,0x555556b10000,addr,<,0x555556b1b000
eager,heap,1,addr,>,0x555556b1d000,addr,<,0x555556b2f000
eager,mmap,1,addr,>,0x555556b1d000,addr,<,0x555556b2f000
eager,heap,1,addr,>,0x555556b40000,addr,<,0x555556b45000
eager,mmap,1,addr,>,0x555556b40000,addr,<,0x555556b45000
eager,heap,1,addr,>,0x555556b47000,addr,<,0x555556b4f000
eager,mmap,1,addr,>,0x555556b47000,addr,<,0x555556b4f000
eager,heap,1,addr,>,0x555556b70000,addr,<,0x555556ba1000
eager,mmap,1,addr,>,0x555556b70000,addr,<,0x555556ba1000
eager,heap,1,addr,>,0x555556ba3000,addr,<,0x555556bba000
eager,mmap,1,addr,>,0x555556ba3000,addr,<,0x555556bba000
eager,heap,1,addr,>,0x555556bbc000,addr,<,0x555556be5000
eager,mmap,1,addr,>,0x555556bbc000,addr,<,0x555556be5000
eager,heap,1,addr,>,0x555556be7000,addr,<,0x555556c0c000
eager,mmap,1,addr,>,0x555556be7000,addr,<,0x555556c0c000
eager,heap,1,addr,>,0x555556c0e000,addr,<,0x555556c0f000
eager,mmap,1,addr,>,0x555556c0e000,addr,<,0x555556c0f000
eager,heap,1,addr,>,0x555556c20000,addr,<,0x555556e20000
eager,mmap,1,addr,>,0x555556c20000,addr,<,0x555556e20000
eager,heap,1,addr,>,0x555556c22000,addr,<,0x555556c3d000
eager,mmap,1,addr,>,0x555556c22000,addr,<,0x555556c3d000
eager,heap,1,addr,>,0x555556c3f000,addr,<,0x555556e3f000
eager,mmap,1,addr,>,0x555556c3f000,addr,<,0x555556e3f000
eager,heap,1,addr,>,0x555556c60000,addr,<,0x555556c8d000
eager,mmap,1,addr,>,0x555556c60000,addr,<,0x555556c8d000
eager,heap,1,addr,>,0x555556c8f000,addr,<,0x555556ca7000
eager,mmap,1,addr,>,0x555556c8f000,addr,<,0x555556ca7000
eager,heap,1,addr,>,0x555556ca9000,addr,<,0x555556cbb000
eager,mmap,1,addr,>,0x555556ca9000,addr,<,0x555556cbb000
eager,heap,1,addr,>,0x555556cbd000,addr,<,0x555556cbf000
eager,mmap,1,addr,>,0x555556cbd000,addr,<,0x555556cbf000
eager,heap,1,addr,>,0x555556cd0000,addr,<,0x555556ce0000
eager,mmap,1,addr,>,0x555556cd0000,addr,<,0x555556ce0000
eager,heap,1,addr,>,0x555556ce2000,addr,<,0x555556cff000
eager,mmap,1,addr,>,0x555556ce2000,addr,<,0x555556cff000
eager,heap,1,addr,>,0x555556d30000,addr,<,0x555556d4b000
eager,mmap,1,addr,>,0x555556d30000,addr,<,0x555556d4b000
eager,heap,1,addr,>,0x555556d4d000,addr,<,0x555556d5d000
eager,mmap,1,addr,>,0x555556d4d000,addr,<,0x555556d5d000
eager,heap,1,addr,>,0x555556d5f000,addr,<,0x555556dcc000
eager,mmap,1,addr,>,0x555556d5f000,addr,<,0x555556dcc000
eager,heap,1,addr,>,0x555556dce000,addr,<,0x555556df4000
eager,mmap,1,addr,>,0x555556dce000,addr,<,0x555556df4000
eager,heap,1,addr,>,0x555556df6000,addr,<,0x555556e1e000
eager,mmap,1,addr,>,0x555556df6000,addr,<,0x555556e1e000
eager,heap,1,addr,>,0x555556e20000,addr,<,0x555556e37000
eager,mmap,1,addr,>,0x555556e20000,addr,<,0x555556e37000
eager,heap,1,addr,>,0x555556e39000,addr,<,0x555556e5c000
eager,mmap,1,addr,>,0x555556e39000,addr,<,0x555556e5c000
eager,heap,1,addr,>,0x555556e5e000,addr,<,0x555556e84000
eager,mmap,1,addr,>,0x555556e5e000,addr,<,0x555556e84000
eager,heap,1,addr,>,0x555556e86000,addr,<,0x555556ea5000
eager,mmap,1,addr,>,0x555556e86000,addr,<,0x555556ea5000
eager,heap,1,addr,>,0x555556ea7000,addr,<,0x555556ece000
eager,mmap,1,addr,>,0x555556ea7000,addr,<,0x555556ece000
eager,heap,1,addr,>,0x555556ed0000,addr,<,0x555556f54000
eager,mmap,1,addr,>,0x555556ed0000,addr,<,0x555556f54000
eager,heap,1,addr,>,0x555556f56000,addr,<,0x555556fbf000
eager,mmap,1,addr,>,0x555556f56000,addr,<,0x555556fbf000
eager,heap,1,addr,>,0x555556fd0000,addr,<,0x555556fd8000
eager,mmap,1,addr,>,0x555556fd0000,addr,<,0x555556fd8000
eager,heap,1,addr,>,0x555556fda000,addr,<,0x555557056000
eager,mmap,1,addr,>,0x555556fda000,addr,<,0x555557056000
eager,heap,1,addr,>,0x555557058000,addr,<,0x55555705e000
eager,mmap,1,addr,>,0x555557058000,addr,<,0x55555705e000
eager,heap,1,addr,>,0x555557070000,addr,<,0x55555707b000
eager,mmap,1,addr,>,0x555557070000,addr,<,0x55555707b000
eager,heap,1,addr,>,0x55555707d000,addr,<,0x55555708d000
eager,mmap,1,addr,>,0x55555707d000,addr,<,0x55555708d000
eager,heap,1,addr,>,0x55555708f000,addr,<,0x5555570a1000
eager,mmap,1,addr,>,0x55555708f000,addr,<,0x5555570a1000
eager,heap,1,addr,>,0x5555570a3000,addr,<,0x5555570b2000
eager,mmap,1,addr,>,0x5555570a3000,addr,<,0x5555570b2000
eager,heap,1,addr,>,0x5555570b4000,addr,<,0x5555570c3000
eager,mmap,1,addr,>,0x5555570b4000,addr,<,0x5555570c3000
eager,heap,1,addr,>,0x5555570c5000,addr,<,0x5555570dc000
eager,mmap,1,addr,>,0x5555570c5000,addr,<,0x5555570dc000
eager,heap,1,addr,>,0x5555570de000,addr,<,0x5555570f4000
eager,mmap,1,addr,>,0x5555570de000,addr,<,0x5555570f4000
eager,heap,1,addr,>,0x5555570f6000,addr,<,0x55555710f000
eager,mmap,1,addr,>,0x5555570f6000,addr,<,0x55555710f000
eager,heap,1,addr,>,0x555557120000,addr,<,0x555557162000
eager,mmap,1,addr,>,0x555557120000,addr,<,0x555557162000
eager,heap,1,addr,>,0x555557164000,addr,<,0x555557198000
eager,mmap,1,addr,>,0x555557164000,addr,<,0x555557198000
eager,heap,1,addr,>,0x55555719a000,addr,<,0x55555719f000
eager,mmap,1,addr,>,0x55555719a000,addr,<,0x55555719f000
eager,heap,1,addr,>,0x5555571b0000,addr,<,0x5555571c5000
eager,mmap,1,addr,>,0x5555571b0000,addr,<,0x5555571c5000
eager,heap,1,addr,>,0x5555571c7000,addr,<,0x555557205000
eager,mmap,1,addr,>,0x5555571c7000,addr,<,0x555557205000
eager,heap,1,addr,>,0x555557207000,addr,<,0x55555720d000
eager,mmap,1,addr,>,0x555557207000,addr,<,0x55555720d000
eager,heap,1,addr,>,0x555557240000,addr,<,0x555557257000
eager,mmap,1,addr,>,0x555557240000,addr,<,0x555557257000
eager,heap,1,addr,>,0x555557259000,addr,<,0x55555726c000
eager,mmap,1,addr,>,0x555557259000,addr,<,0x55555726c000
eager,heap,1,addr,>,0x55555726e000,addr,<,0x555557289000
eager,mmap,1,addr,>,0x55555726e000,addr,<,0x555557289000
eager,heap,1,addr,>,0x55555728b000,addr,<,0x55555729f000
eager,mmap,1,addr,>,0x55555728b000,addr,<,0x55555729f000
eager,heap,1,addr,>,0x5555572e0000,addr,<,0x5555572f0000
eager,mmap,1,addr,>,0x5555572e0000,addr,<,0x5555572f0000
eager,heap,1,addr,>,0x5555572f2000,addr,<,0x555557300000
eager,mmap,1,addr,>,0x5555572f2000,addr,<,0x555557300000
eager,heap,1,addr,>,0x555557302000,addr,<,0x555557348000
eager,mmap,1,addr,>,0x555557302000,addr,<,0x555557348000
eager,heap,1,addr,>,0x55555734a000,addr,<,0x55555734f000
eager,mmap,1,addr,>,0x55555734a000,addr,<,0x55555734f000
eager,heap,1,addr,>,0x555557360000,addr,<,0x55555736b000
eager,mmap,1,addr,>,0x555557360000,addr,<,0x55555736b000
eager,heap,1,addr,>,0x55555736d000,addr,<,0x555557389000
eager,mmap,1,addr,>,0x55555736d000,addr,<,0x555557389000
eager,heap,1,addr,>,0x55555738b000,addr,<,0x555557399000
eager,mmap,1,addr,>,0x55555738b000,addr,<,0x555557399000
eager,heap,1,addr,>,0x55555739b000,addr,<,0x55555739f000
eager,mmap,1,addr,>,0x55555739b000,addr,<,0x55555739f000
eager,heap,1,addr,>,0x5555573b0000,addr,<,0x5555573cd000
eager,mmap,1,addr,>,0x5555573b0000,addr,<,0x5555573cd000
eager,heap,1,addr,>,0x5555573cf000,addr,<,0x5555573e2000
eager,mmap,1,addr,>,0x5555573cf000,addr,<,0x5555573e2000
eager,heap,1,addr,>,0x5555573e4000,addr,<,0x5555573ef000
eager,mmap,1,addr,>,0x5555573e4000,addr,<,0x5555573ef000
eager,heap,1,addr,>,0x555557470000,addr,<,0x55555747f000
eager,mmap,1,addr,>,0x555557470000,addr,<,0x55555747f000
eager,heap,1,addr,>,0x5555574c0000,addr,<,0x5555574cc000
eager,mmap,1,addr,>,0x5555574c0000,addr,<,0x5555574cc000
eager,heap,1,addr,>,0x5555574ce000,addr,<,0x5555574cf000
eager,mmap,1,addr,>,0x5555574ce000,addr,<,0x5555574cf000
eager,heap,1,addr,>,0x555557600000,addr,<,0x55555760b000
eager,mmap,1,addr,>,0x555557600000,addr,<,0x55555760b000
eager,heap,1,addr,>,0x55555760d000,addr,<,0x55555760f000
eager,mmap,1,addr,>,0x55555760d000,addr,<,0x55555760f000
eager,heap,1,addr,>,0x5555576d0000,addr,<,0x5555576df000
eager,mmap,1,addr,>,0x5555576d0000,addr,<,0x5555576df000
eager,heap,1,addr,>,0x555557820000,addr,<,0x555557829000
eager,mmap,1,addr,>,0x555557820000,addr,<,0x555557829000
eager,heap,1,addr,>,0x55555782b000,addr,<,0x55555782f000
eager,mmap,1,addr,>,0x55555782b000,addr,<,0x55555782f000
eager,heap,1,addr,>,0x555557850000,addr,<,0x555557857000
eager,mmap,1,addr,>,0x555557850000,addr,<,0x555557857000
eager,heap,1,addr,>,0x555557859000,addr,<,0x55555785f000
eager,mmap,1,addr,>,0x555557859000,addr,<,0x55555785f000
eager,heap,1,addr,>,0x5555578b0000,addr,<,0x5555578bf000
eager,mmap,1,addr,>,0x5555578b0000,addr,<,0x5555578bf000
eager,heap,1,addr,>,0x555557930000,addr,<,0x555557939000
eager,mmap,1,addr,>,0x555557930000,addr,<,0x555557939000
eager,heap,1,addr,>,0x55555793b000,addr,<,0x55555793f000
eager,mmap,1,addr,>,0x55555793b000,addr,<,0x55555793f000
eager,heap,1,addr,>,0x555557970000,addr,<,0x55555797c000
eager,mmap,1,addr,>,0x555557970000,addr,<,0x55555797c000
eager,heap,1,addr,>,0x55555797e000,addr,<,0x55555797f000
eager,mmap,1,addr,>,0x55555797e000,addr,<,0x55555797f000
eager,heap,1,addr,>,0x555557a40000,addr,<,0x555557a4d000
eager,mmap,1,addr,>,0x555557a40000,addr,<,0x555557a4d000
eager,heap,1,addr,>,0x555557a4f000,addr,<,0x555557c4f000
eager,mmap,1,addr,>,0x555557a4f000,addr,<,0x555557c4f000
eager,heap,1,addr,>,0x555557aa0000,addr,<,0x555557aa9000
eager,mmap,1,addr,>,0x555557aa0000,addr,<,0x555557aa9000
eager,heap,1,addr,>,0x555557aab000,addr,<,0x555557aaf000
eager,mmap,1,addr,>,0x555557aab000,addr,<,0x555557aaf000
eager,heap,1,addr,>,0x555557b10000,addr,<,0x555557b1a000
eager,mmap,1,addr,>,0x555557b10000,addr,<,0x555557b1a000
eager,heap,1,addr,>,0x555557b1c000,addr,<,0x555557b1f000
eager,mmap,1,addr,>,0x555557b1c000,addr,<,0x555557b1f000
eager,heap,1,addr,>,0x555557b50000,addr,<,0x555557b6f000
eager,mmap,1,addr,>,0x555557b50000,addr,<,0x555557b6f000
eager,heap,1,addr,>,0x555557b80000,addr,<,0x555557b8f000
eager,mmap,1,addr,>,0x555557b80000,addr,<,0x555557b8f000
eager,heap,1,addr,>,0x555557bc0000,addr,<,0x555557bd3000
eager,mmap,1,addr,>,0x555557bc0000,addr,<,0x555557bd3000
eager,heap,1,addr,>,0x555557bd5000,addr,<,0x555557bec000
eager,mmap,1,addr,>,0x555557bd5000,addr,<,0x555557bec000
eager,heap,1,addr,>,0x555557bee000,addr,<,0x555557c21000
eager,mmap,1,addr,>,0x555557bee000,addr,<,0x555557c21000
eager,heap,1,addr,>,0x555557c23000,addr,<,0x555557c57000
eager,mmap,1,addr,>,0x555557c23000,addr,<,0x555557c57000
eager,heap,1,addr,>,0x555557c59000,addr,<,0x555557c5f000
eager,mmap,1,addr,>,0x555557c59000,addr,<,0x555557c5f000
eager,heap,1,addr,>,0x555557cba000,addr,<,0x555557cdf000
eager,mmap,1,addr,>,0x555557cba000,addr,<,0x555557cdf000
eager,heap,1,addr,>,0x555557d00000,addr,<,0x555557d2f000
eager,mmap,1,addr,>,0x555557d00000,addr,<,0x555557d2f000
eager,heap,1,addr,>,0x555557d31000,addr,<,0x555557d75000
eager,mmap,1,addr,>,0x555557d31000,addr,<,0x555557d75000
eager,heap,1,addr,>,0x555557d77000,addr,<,0x555557d9f000
eager,mmap,1,addr,>,0x555557d77000,addr,<,0x555557d9f000
eager,heap,1,addr,>,0x555557ea0000,addr,<,0x555557ea4000
eager,mmap,1,addr,>,0x555557ea0000,addr,<,0x555557ea4000
eager,heap,1,addr,>,0x555557ea6000,addr,<,0x555557eac000
eager,mmap,1,addr,>,0x555557ea6000,addr,<,0x555557eac000
eager,heap,1,addr,>,0x555557eb0000,addr,<,0x555557eb9000
eager,mmap,1,addr,>,0x555557eb0000,addr,<,0x555557eb9000
eager,heap,1,addr,>,0x555557ebb000,addr,<,0x555557ebf000
eager,mmap,1,addr,>,0x555557ebb000,addr,<,0x555557ebf000
eager,heap,1,addr,>,0x555557ec5000,addr,<,0x555557f02000
eager,mmap,1,addr,>,0x555557ec5000,addr,<,0x555557f02000
eager,heap,1,addr,>,0x555557f04000,addr,<,0x555557f1a000
eager,mmap,1,addr,>,0x555557f04000,addr,<,0x555557f1a000
eager,heap,1,addr,>,0x555557f1c000,addr,<,0x555557f49000
eager,mmap,1,addr,>,0x555557f1c000,addr,<,0x555557f49000
eager,heap,1,addr,>,0x555557f4b000,addr,<,0x555557f5f000
eager,mmap,1,addr,>,0x555557f4b000,addr,<,0x555557f5f000
eager,heap,1,addr,>,0x555557fc0000,addr,<,0x555557fc8000
eager,mmap,1,addr,>,0x555557fc0000,addr,<,0x555557fc8000
eager,heap,1,addr,>,0x555557fca000,addr,<,0x555557fcf000
eager,mmap,1,addr,>,0x555557fca000,addr,<,0x555557fcf000
eager,heap,1,addr,>,0x555557fe0000,addr,<,0x555557ff1000
eager,mmap,1,addr,>,0x555557fe0000,addr,<,0x555557ff1000
eager,heap,1,addr,>,0x555557ff3000,addr,<,0x555558023000
eager,mmap,1,addr,>,0x555557ff3000,addr,<,0x555558023000
eager,heap,1,addr,>,0x555558040000,addr,<,0x555558047000
eager,mmap,1,addr,>,0x555558040000,addr,<,0x555558047000
eager,heap,1,addr,>,0x555558049000,addr,<,0x55555805f000
eager,mmap,1,addr,>,0x555558049000,addr,<,0x55555805f000
eager,heap,1,addr,>,0x5555580a0000,addr,<,0x5555580b7000
eager,mmap,1,addr,>,0x5555580a0000,addr,<,0x5555580b7000
eager,heap,1,addr,>,0x5555580b9000,addr,<,0x5555580fc000
eager,mmap,1,addr,>,0x5555580b9000,addr,<,0x5555580fc000
eager,heap,1,addr,>,0x5555580fe000,addr,<,0x555558136000
eager,mmap,1,addr,>,0x5555580fe000,addr,<,0x555558136000
eager,heap,1,addr,>,0x555558138000,addr,<,0x55555813f000
eager,mmap,1,addr,>,0x555558138000,addr,<,0x55555813f000
eager,heap,1,addr,>,0x5555581a0000,addr,<,0x5555581c3000
eager,mmap,1,addr,>,0x5555581a0000,addr,<,0x5555581c3000
eager,heap,1,addr,>,0x5555581c5000,addr,<,0x555558208000
eager,mmap,1,addr,>,0x5555581c5000,addr,<,0x555558208000
eager,heap,1,addr,>,0x55555820a000,addr,<,0x55555821a000
eager,mmap,1,addr,>,0x55555820a000,addr,<,0x55555821a000
eager,heap,1,addr,>,0x55555821c000,addr,<,0x555558246000
eager,mmap,1,addr,>,0x55555821c000,addr,<,0x555558246000
eager,heap,1,addr,>,0x555558248000,addr,<,0x555558267000
eager,mmap,1,addr,>,0x555558248000,addr,<,0x555558267000
eager,heap,1,addr,>,0x555558269000,addr,<,0x55555827f000
eager,mmap,1,addr,>,0x555558269000,addr,<,0x55555827f000
eager,heap,1,addr,>,0x555558360000,addr,<,0x55555837f000
eager,mmap,1,addr,>,0x555558360000,addr,<,0x55555837f000
eager,heap,1,addr,>,0x5555583b0000,addr,<,0x555558427000
eager,mmap,1,addr,>,0x5555583b0000,addr,<,0x555558427000
eager,heap,1,addr,>,0x555558429000,addr,<,0x555558479000
eager,mmap,1,addr,>,0x555558429000,addr,<,0x555558479000
eager,heap,1,addr,>,0x55555847b000,addr,<,0x5555584e9000
eager,mmap,1,addr,>,0x55555847b000,addr,<,0x5555584e9000
eager,heap,1,addr,>,0x5555584eb000,addr,<,0x555558521000
eager,mmap,1,addr,>,0x5555584eb000,addr,<,0x555558521000
eager,heap,1,addr,>,0x555558523000,addr,<,0x55555853c000
eager,mmap,1,addr,>,0x555558523000,addr,<,0x55555853c000
eager,heap,1,addr,>,0x55555853e000,addr,<,0x555558544000
eager,mmap,1,addr,>,0x55555853e000,addr,<,0x555558544000
eager,heap,1,addr,>,0x555558547000,addr,<,0x555558571000
eager,mmap,1,addr,>,0x555558547000,addr,<,0x555558571000
eager,heap,1,addr,>,0x555558573000,addr,<,0x555558579000
eager,mmap,1,addr,>,0x555558573000,addr,<,0x555558579000
eager,heap,1,addr,>,0x55555857b000,addr,<,0x55555857f000
eager,mmap,1,addr,>,0x55555857b000,addr,<,0x55555857f000
eager,heap,1,addr,>,0x555558640000,addr,<,0x55555865f000
eager,mmap,1,addr,>,0x555558640000,addr,<,0x55555865f000
eager,heap,1,addr,>,0x5555589e0000,addr,<,0x555558aae000
eager,mmap,1,addr,>,0x5555589e0000,addr,<,0x555558aae000
eager,heap,1,addr,>,0x555558ab0000,addr,<,0x555558abe000
eager,mmap,1,addr,>,0x555558ab0000,addr,<,0x555558abe000
eager,heap,1,addr,>,0x555558cf0000,addr,<,0x555558cff000
eager,mmap,1,addr,>,0x555558cf0000,addr,<,0x555558cff000
eager,heap,1,addr,>,0x555558d20000,addr,<,0x555558d2b000
eager,mmap,1,addr,>,0x555558d20000,addr,<,0x555558d2b000
eager,heap,1,addr,>,0x555558d2d000,addr,<,0x555558d3f000
eager,mmap,1,addr,>,0x555558d2d000,addr,<,0x555558d3f000
eager,heap,1,addr,>,0x555558d70000,addr,<,0x555558d7f000
eager,mmap,1,addr,>,0x555558d70000,addr,<,0x555558d7f000
eager,heap,1,addr,>,0x555558e00000,addr,<,0x555558e0c000
eager,mmap,1,addr,>,0x555558e00000,addr,<,0x555558e0c000
eager,heap,1,addr,>,0x555558e0e000,addr,<,0x555558e0f000
eager,mmap,1,addr,>,0x555558e0e000,addr,<,0x555558e0f000
eager,heap,1,addr,>,0x555559000000,addr,<,0x555559009000
eager,mmap,1,addr,>,0x555559000000,addr,<,0x555559009000
eager,heap,1,addr,>,0x55555900b000,addr,<,0x55555900f000
eager,mmap,1,addr,>,0x55555900b000,addr,<,0x55555900f000
eager,heap,1,addr,>,0x555559020000,addr,<,0x55555902e000
eager,mmap,1,addr,>,0x555559020000,addr,<,0x55555902e000
eager,heap,1,addr,>,0x555559050000,addr,<,0x55555905f000
eager,mmap,1,addr,>,0x555559050000,addr,<,0x55555905f000
eager,heap,1,addr,>,0x555559080000,addr,<,0x55555908f000
eager,mmap,1,addr,>,0x555559080000,addr,<,0x55555908f000
eager,heap,1,addr,>,0x555559120000,addr,<,0x55555912a000
eager,mmap,1,addr,>,0x555559120000,addr,<,0x55555912a000
eager,heap,1,addr,>,0x55555912c000,addr,<,0x55555912f000
eager,mmap,1,addr,>,0x55555912c000,addr,<,0x55555912f000
eager,heap,1,addr,>,0x55555915a000,addr,<,0x55555916f000
eager,mmap,1,addr,>,0x55555915a000,addr,<,0x55555916f000
eager,heap,1,addr,>,0x555559190000,addr,<,0x55555919d000
eager,mmap,1,addr,>,0x555559190000,addr,<,0x55555919d000
eager,heap,1,addr,>,0x55555919f000,addr,<,0x5555591cc000
eager,mmap,1,addr,>,0x55555919f000,addr,<,0x5555591cc000
eager,heap,1,addr,>,0x5555591ce000,addr,<,0x5555591fc000
eager,mmap,1,addr,>,0x5555591ce000,addr,<,0x5555591fc000
eager,heap,1,addr,>,0x5555591fe000,addr,<,0x55555920f000
eager,mmap,1,addr,>,0x5555591fe000,addr,<,0x55555920f000
eager,heap,1,addr,>,0x555559220000,addr,<,0x55555922b000
eager,mmap,1,addr,>,0x555559220000,addr,<,0x55555922b000
eager,heap,1,addr,>,0x55555922d000,addr,<,0x55555922f000
eager,mmap,1,addr,>,0x55555922d000,addr,<,0x55555922f000
eager,heap,1,addr,>,0x555559250000,addr,<,0x555559359000
eager,mmap,1,addr,>,0x555559250000,addr,<,0x555559359000
eager,heap,1,addr,>,0x555559430000,addr,<,0x555559455000
eager,mmap,1,addr,>,0x555559430000,addr,<,0x555559455000
eager,heap,1,addr,>,0x555559459000,addr,<,0x555559462000
eager,mmap,1,addr,>,0x555559459000,addr,<,0x555559462000
eager,heap,1,addr,>,0x555559465000,addr,<,0x55555946e000
eager,mmap,1,addr,>,0x555559465000,addr,<,0x55555946e000
eager,heap,1,addr,>,0x555559486000,addr,<,0x555559686000
eager,mmap,1,addr,>,0x555559486000,addr,<,0x555559686000
eager,heap,1,addr,>,0x55555948a000,addr,<,0x55555968a000
eager,mmap,1,addr,>,0x55555948a000,addr,<,0x55555968a000
eager,heap,1,addr,>,0x55555948e000,addr,<,0x555559722000
eager,mmap,1,addr,>,0x55555948e000,addr,<,0x555559722000
eager,heap,1,addr,>,0x555559731000,addr,<,0x555559732000
eager,mmap,1,addr,>,0x555559731000,addr,<,0x555559732000
eager,heap,1,addr,>,0x55555973d000,addr,<,0x55555993d000
eager,mmap,1,addr,>,0x55555973d000,addr,<,0x55555993d000
eager,heap,1,addr,>,0x555559800000,addr,<,0x555862da6000
eager,mmap,1,addr,>,0x555559800000,addr,<,0x555862da6000
eager,heap,1,addr,>,0x555862da8000,addr,<,0x55586317f000
eager,mmap,1,addr,>,0x555862da8000,addr,<,0x55586317f000
eager,heap,1,addr,>,0x555863181000,addr,<,0x55586612e000
eager,mmap,1,addr,>,0x555863181000,addr,<,0x55586612e000
eager,heap,1,addr,>,0x555866130000,addr,<,0x555866782000
eager,mmap,1,addr,>,0x555866130000,addr,<,0x555866782000
eager,heap,1,addr,>,0x555866784000,addr,<,0x555874ed2000
eager,mmap,1,addr,>,0x555866784000,addr,<,0x555874ed2000
eager,heap,1,addr,>,0x555874ed4000,addr,<,0x5558c65c1000
eager,mmap,1,addr,>,0x555874ed4000,addr,<,0x5558c65c1000
eager,heap,1,addr,>,0x5558c65c3000,addr,<,0x5558d7066000
eager,mmap,1,addr,>,0x5558c65c3000,addr,<,0x5558d7066000
eager,heap,1,addr,>,0x5558d7068000,addr,<,0x5558dcd66000
eager,mmap,1,addr,>,0x5558d7068000,addr,<,0x5558dcd66000
eager,heap,1,addr,>,0x5558dcd68000,addr,<,0x5558e1e51000
eager,mmap,1,addr,>,0x5558dcd68000,addr,<,0x5558e1e51000
eager,heap,1,addr,>,0x5558e1e53000,addr,<,0x5558f8b38000
eager,mmap,1,addr,>,0x5558e1e53000,addr,<,0x5558f8b38000
eager,heap,1,addr,>,0x5558f8b3a000,addr,<,0x5558fbb66000
eager,mmap,1,addr,>,0x5558f8b3a000,addr,<,0x5558fbb66000
eager,heap,1,addr,>,0x5558fbb68000,addr,<,0x55599e22f000
eager,mmap,1,addr,>,0x5558fbb68000,addr,<,0x55599e22f000
eager,heap,1,addr,>,0x55599e231000,addr,<,0x55599e232000
eager,mmap,1,addr,>,0x55599e231000,addr,<,0x55599e232000
eager,heap,1,addr,>,0x55599e234000,addr,<,0x5559f06ed000
eager,mmap,1,addr,>,0x55599e234000,addr,<,0x5559f06ed000
eager,heap,1,addr,>,0x5559f06ef000,addr,<,0x555a8a9dd000
eager,mmap,1,addr,>,0x5559f06ef000,addr,<,0x555a8a9dd000
eager,heap,1,addr,>,0x555a8a9df000,addr,<,0x555a8b6e3000
eager,mmap,1,addr,>,0x555a8a9df000,addr,<,0x555a8b6e3000
eager,heap,1,addr,>,0x555a8b6e5000,addr,<,0x555ac90b2000
eager,mmap,1,addr,>,0x555a8b6e5000,addr,<,0x555ac90b2000
eager,heap,1,addr,>,0x555ac90b4000,addr,<,0x555acacb3000
eager,mmap,1,addr,>,0x555ac90b4000,addr,<,0x555acacb3000
eager,heap,1,addr,>,0x555acacb5000,addr,<,0x555ae1a99000
eager,mmap,1,addr,>,0x555acacb5000,addr,<,0x555ae1a99000
eager,heap,1,addr,>,0x555ae1a9b000,addr,<,0x555af25d0000
eager,mmap,1,addr,>,0x555ae1a9b000,addr,<,0x555af25d0000
eager,heap,1,addr,>,0x555af25d2000,addr,<,0x555af3ecf000
eager,mmap,1,addr,>,0x555af25d2000,addr,<,0x555af3ecf000
eager,heap,1,addr,>,0x555af3ed2000,addr,<,0x555af48af000
eager,mmap,1,addr,>,0x555af3ed2000,addr,<,0x555af48af000
eager,heap,1,addr,>,0x555af48b1000,addr,<,0x555b431bd000
eager,mmap,1,addr,>,0x555af48b1000,addr,<,0x555b431bd000
eager,heap,1,addr,>,0x555b431bf000,addr,<,0x555b49eb3000
eager,mmap,1,addr,>,0x555b431bf000,addr,<,0x555b49eb3000
eager,heap,1,addr,>,0x555b49eb5000,addr,<,0x555bc707c000
eager,mmap,1,addr,>,0x555b49eb5000,addr,<,0x555bc707c000
eager,heap,1,addr,>,0x555bc707e000,addr,<,0x555bd6251000
eager,mmap,1,addr,>,0x555bc707e000,addr,<,0x555bd6251000
eager,heap,1,addr,>,0x555bd6253000,addr,<,0x555beede5000
eager,mmap,1,addr,>,0x555bd6253000,addr,<,0x555beede5000
eager,heap,1,addr,>,0x555beede7000,addr,<,0x555c0ce51000
eager,mmap,1,addr,>,0x555beede7000,addr,<,0x555c0ce51000
eager,heap,1,addr,>,0x555c0ce53000,addr,<,0x555c1194b000
eager,mmap,1,addr,>,0x555c0ce53000,addr,<,0x555c1194b000
eager,heap,1,addr,>,0x555c1194d000,addr,<,0x555c11f72000
eager,mmap,1,addr,>,0x555c1194d000,addr,<,0x555c11f72000
eager,heap,1,addr,>,0x555c11f74000,addr,<,0x555c20acd000
eager,mmap,1,addr,>,0x555c11f74000,addr,<,0x555c20acd000
eager,heap,1,addr,>,0x555c20acf000,addr,<,0x555c2149b000
eager,mmap,1,addr,>,0x555c20acf000,addr,<,0x555c2149b000
eager,heap,1,addr,>,0x555c2149d000,addr,<,0x555c236cc000
eager,mmap,1,addr,>,0x555c2149d000,addr,<,0x555c236cc000
eager,heap,1,addr,>,0x555c236ce000,addr,<,0x555c23a4f000
eager,mmap,1,addr,>,0x555c236ce000,addr,<,0x555c23a4f000
eager,heap,1,addr,>,0x555c23a51000,addr,<,0x555c255a1000
eager,mmap,1,addr,>,0x555c23a51000,addr,<,0x555c255a1000
eager,heap,1,addr,>,0x555c255a3000,addr,<,0x555c2bb4f000
eager,mmap,1,addr,>,0x555c255a3000,addr,<,0x555c2bb4f000
eager,heap,1,addr,>,0x555c2bb51000,addr,<,0x555c48930000
eager,mmap,1,addr,>,0x555c2bb51000,addr,<,0x555c48930000
eager,heap,1,addr,>,0x555c48932000,addr,<,0x555c7984f000
eager,mmap,1,addr,>,0x555c48932000,addr,<,0x555c7984f000
eager,heap,1,addr,>,0x555c79851000,addr,<,0x555cb402d000
eager,mmap,1,addr,>,0x555c79851000,addr,<,0x555cb402d000
eager,heap,1,addr,>,0x555cb402f000,addr,<,0x555cb9943000
eager,mmap,1,addr,>,0x555cb402f000,addr,<,0x555cb9943000
eager,heap,1,addr,>,0x555cb9945000,addr,<,0x555cbc258000
eager,mmap,1,addr,>,0x555cb9945000,addr,<,0x555cbc258000
eager,heap,1,addr,>,0x555cbc25a000,addr,<,0x555cbc580000
eager,mmap,1,addr,>,0x555cbc25a000,addr,<,0x555cbc580000
eager,heap,1,addr,>,0x555cbc582000,addr,<,0x555cbcd70000
eager,mmap,1,addr,>,0x555cbc582000,addr,<,0x555cbcd70000
eager,heap,1,addr,>,0x555cbcd72000,addr,<,0x555cbd89e000
eager,mmap,1,addr,>,0x555cbcd72000,addr,<,0x555cbd89e000
eager,heap,1,addr,>,0x555cbd8a0000,addr,<,0x555cd7935000
eager,mmap,1,addr,>,0x555cbd8a0000,addr,<,0x555cd7935000
eager,heap,1,addr,>,0x555cd7937000,addr,<,0x555cdd329000
eager,mmap,1,addr,>,0x555cd7937000,addr,<,0x555cdd329000
eager,heap,1,addr,>,0x555cdd32b000,addr,<,0x555d31491000
eager,mmap,1,addr,>,0x555cdd32b000,addr,<,0x555d31491000
eager,heap,1,addr,>,0x555d31493000,addr,<,0x555d3e442000
eager,mmap,1,addr,>,0x555d31493000,addr,<,0x555d3e442000
eager,heap,1,addr,>,0x555d3e444000,addr,<,0x555d3e528000
eager,mmap,1,addr,>,0x555d3e444000,addr,<,0x555d3e528000
eager,heap,1,addr,>,0x555d3e52a000,addr,<,0x555d9999a000
eager,mmap,1,addr,>,0x555d3e52a000,addr,<,0x555d9999a000
eager,heap,1,addr,>,0x555d9999c000,addr,<,0x555da018f000
eager,mmap,1,addr,>,0x555d9999c000,addr,<,0x555da018f000
eager,heap,1,addr,>,0x555da0191000,addr,<,0x555da0424000
eager,mmap,1,addr,>,0x555da0191000,addr,<,0x555da0424000
eager,heap,1,addr,>,0x555da0426000,addr,<,0x555da0b5f000
eager,mmap,1,addr,>,0x555da0426000,addr,<,0x555da0b5f000
eager,heap,1,addr,>,0x555da0b61000,addr,<,0x555dc5af8000
eager,mmap,1,addr,>,0x555da0b61000,addr,<,0x555dc5af8000
eager,heap,1,addr,>,0x555dc5afa000,addr,<,0x555de4704000
eager,mmap,1,addr,>,0x555dc5afa000,addr,<,0x555de4704000
eager,heap,1,addr,>,0x555de4706000,addr,<,0x555e0486d000
eager,mmap,1,addr,>,0x555de4706000,addr,<,0x555e0486d000
eager,heap,1,addr,>,0x555e0486f000,addr,<,0x555e07b02000
eager,mmap,1,addr,>,0x555e0486f000,addr,<,0x555e07b02000
eager,heap,1,addr,>,0x555e07b04000,addr,<,0x555e0b16c000
eager,mmap,1,addr,>,0x555e07b04000,addr,<,0x555e0b16c000
eager,heap,1,addr,>,0x555e0b16e000,addr,<,0x555e7da37000
eager,mmap,1,addr,>,0x555e0b16e000,addr,<,0x555e7da37000
eager,heap,1,addr,>,0x555e7da39000,addr,<,0x555e8137d000
eager,mmap,1,addr,>,0x555e7da39000,addr,<,0x555e8137d000
eager,heap,1,addr,>,0x555e8137f000,addr,<,0x555e90cce000
eager,mmap,1,addr,>,0x555e8137f000,addr,<,0x555e90cce000
eager,heap,1,addr,>,0x555e90cd0000,addr,<,0x555e92c69000
eager,mmap,1,addr,>,0x555e90cd0000,addr,<,0x555e92c69000
eager,heap,1,addr,>,0x555e92c6b000,addr,<,0x555eda415000
eager,mmap,1,addr,>,0x555e92c6b000,addr,<,0x555eda415000
eager,heap,1,addr,>,0x555eda417000,addr,<,0x555edbb1a000
eager,mmap,1,addr,>,0x555eda417000,addr,<,0x555edbb1a000
eager,heap,1,addr,>,0x555edbb1c000,addr,<,0x555f145ff000
eager,mmap,1,addr,>,0x555edbb1c000,addr,<,0x555f145ff000
eager,heap,1,addr,>,0x555f146e2000,addr,<,0x555f7e61e000
eager,mmap,1,addr,>,0x555f146e2000,addr,<,0x555f7e61e000
eager,heap,1,addr,>,0x555f7e620000,addr,<,0x555f948df000
eager,mmap,1,addr,>,0x555f7e620000,addr,<,0x555f948df000
eager,heap,1,addr,>,0x555f948e1000,addr,<,0x555f9d34a000
eager,mmap,1,addr,>,0x555f948e1000,addr,<,0x555f9d34a000
eager,heap,1,addr,>,0x555f9d34c000,addr,<,0x555fa3376000
eager,mmap,1,addr,>,0x555f9d34c000,addr,<,0x555fa3376000
eager,heap,1,addr,>,0x555fa3378000,addr,<,0x555fa53bd000
eager,mmap,1,addr,>,0x555fa3378000,addr,<,0x555fa53bd000
eager,heap,1,addr,>,0x555fa53bf000,addr,<,0x555fa53d1000
eager,mmap,1,addr,>,0x555fa53bf000,addr,<,0x555fa53d1000
eager,heap,1,addr,>,0x555fa53d3000,addr,<,0x555fa7b61000
eager,mmap,1,addr,>,0x555fa53d3000,addr,<,0x555fa7b61000
eager,heap,1,addr,>,0x555fa7b63000,addr,<,0x555fc48f6000
eager,mmap,1,addr,>,0x555fa7b63000,addr,<,0x555fc48f6000
eager,heap,1,addr,>,0x555fc48f8000,addr,<,0x555ff6934000
eager,mmap,1,addr,>,0x555fc48f8000,addr,<,0x555ff6934000
eager,heap,1,addr,>,0x555ff6936000,addr,<,0x555ff887c000
eager,mmap,1,addr,>,0x555ff6936000,addr,<,0x555ff887c000
eager,heap,1,addr,>,0x555ff887e000,addr,<,0x555ff887f000
eager,mmap,1,addr,>,0x555ff887e000,addr,<,0x555ff887f000
eager,heap,1,addr,>,0x555ff8881000,addr,<,0x555ff8fc3000
eager,mmap,1,addr,>,0x555ff8881000,addr,<,0x555ff8fc3000
eager,heap,1,addr,>,0x555ff8fc5000,addr,<,0x5560b1751000
eager,mmap,1,addr,>,0x555ff8fc5000,addr,<,0x5560b1751000
eager,heap,1,addr,>,0x5560b1753000,addr,<,0x5560b4051000
eager,mmap,1,addr,>,0x5560b1753000,addr,<,0x5560b4051000
eager,heap,1,addr,>,0x5560b4053000,addr,<,0x556106fa2000
eager,mmap,1,addr,>,0x5560b4053000,addr,<,0x556106fa2000
eager,heap,1,addr,>,0x556106fa5000,addr,<,0x55612e752000
eager,mmap,1,addr,>,0x556106fa5000,addr,<,0x55612e752000
eager,heap,1,addr,>,0x55612e754000,addr,<,0x556139534000
eager,mmap,1,addr,>,0x55612e754000,addr,<,0x556139534000
eager,heap,1,addr,>,0x556139536000,addr,<,0x55613bcc2000
eager,mmap,1,addr,>,0x556139536000,addr,<,0x55613bcc2000
eager,heap,1,addr,>,0x55613bcc4000,addr,<,0x556143af3000
eager,mmap,1,addr,>,0x55613bcc4000,addr,<,0x556143af3000
eager,heap,1,addr,>,0x556143af5000,addr,<,0x556143b4c000
eager,mmap,1,addr,>,0x556143af5000,addr,<,0x556143b4c000
eager,heap,1,addr,>,0x556143b4e000,addr,<,0x556143d55000
eager,mmap,1,addr,>,0x556143b4e000,addr,<,0x556143d55000
eager,heap,1,addr,>,0x556143d57000,addr,<,0x5561841ef000
eager,mmap,1,addr,>,0x556143d57000,addr,<,0x5561841ef000
eager,heap,1,addr,>,0x5561841f1000,addr,<,0x556184c5e000
eager,mmap,1,addr,>,0x5561841f1000,addr,<,0x556184c5e000
eager,heap,1,addr,>,0x556184c60000,addr,<,0x5561852f9000
eager,mmap,1,addr,>,0x556184c60000,addr,<,0x5561852f9000
eager,heap,1,addr,>,0x5561852fb000,addr,<,0x5561853ad000
eager,mmap,1,addr,>,0x5561852fb000,addr,<,0x5561853ad000
eager,heap,1,addr,>,0x5561853af000,addr,<,0x5561a1b28000
eager,mmap,1,addr,>,0x5561853af000,addr,<,0x5561a1b28000
eager,heap,1,addr,>,0x5561a1b2a000,addr,<,0x5561aa228000
eager,mmap,1,addr,>,0x5561a1b2a000,addr,<,0x5561aa228000
eager,heap,1,addr,>,0x5561aa22a000,addr,<,0x5561ded18000
eager,mmap,1,addr,>,0x5561aa22a000,addr,<,0x5561ded18000
eager,heap,1,addr,>,0x5561ded1a000,addr,<,0x5561e11cd000
eager,mmap,1,addr,>,0x5561ded1a000,addr,<,0x5561e11cd000
eager,heap,1,addr,>,0x5561e11cf000,addr,<,0x5561e42cd000
eager,mmap,1,addr,>,0x5561e11cf000,addr,<,0x5561e42cd000
eager,heap,1,addr,>,0x5561e42cf000,addr,<,0x5561ec1ca000
eager,mmap,1,addr,>,0x5561e42cf000,addr,<,0x5561ec1ca000
eager,heap,1,addr,>,0x5561ec1cc000,addr,<,0x5561ec1cd000
eager,mmap,1,addr,>,0x5561ec1cc000,addr,<,0x5561ec1cd000
eager,heap,1,addr,>,0x5561ec1cf000,addr,<,0x5561ec1e0000
eager,mmap,1,addr,>,0x5561ec1cf000,addr,<,0x5561ec1e0000
eager,heap,1,addr,>,0x5561ec1e2000,addr,<,0x5561ec7ea000
eager,mmap,1,addr,>,0x5561ec1e2000,addr,<,0x5561ec7ea000
eager,heap,1,addr,>,0x5561ec7ec000,addr,<,0x55620e7cd000
eager,mmap,1,addr,>,0x5561ec7ec000,addr,<,0x55620e7cd000
eager,heap,1,addr,>,0x55620e7cf000,addr,<,0x55621932d000
eager,mmap,1,addr,>,0x55620e7cf000,addr,<,0x55621932d000
eager,heap,1,addr,>,0x55621932f000,addr,<,0x55621d18d000
eager,mmap,1,addr,>,0x55621932f000,addr,<,0x55621d18d000
eager,heap,1,addr,>,0x55621d18f000,addr,<,0x55621d1a1000
eager,mmap,1,addr,>,0x55621d18f000,addr,<,0x55621d1a1000
eager,heap,1,addr,>,0x55621d1a3000,addr,<,0x556222865000
eager,mmap,1,addr,>,0x55621d1a3000,addr,<,0x556222865000
eager,heap,1,addr,>,0x556222868000,addr,<,0x556223086000
eager,mmap,1,addr,>,0x556222868000,addr,<,0x556223086000
eager,heap,1,addr,>,0x556223088000,addr,<,0x556224494000
eager,mmap,1,addr,>,0x556223088000,addr,<,0x556224494000
eager,heap,1,addr,>,0x556224496000,addr,<,0x556224f27000
eager,mmap,1,addr,>,0x556224496000,addr,<,0x556224f27000
eager,heap,1,addr,>,0x556224f29000,addr,<,0x556226320000
eager,mmap,1,addr,>,0x556224f29000,addr,<,0x556226320000
eager,heap,1,addr,>,0x556226322000,addr,<,0x5562269e1000
eager,mmap,1,addr,>,0x556226322000,addr,<,0x5562269e1000
eager,heap,1,addr,>,0x5562269e3000,addr,<,0x5562278ae000
eager,mmap,1,addr,>,0x5562269e3000,addr,<,0x5562278ae000
eager,heap,1,addr,>,0x5562278b0000,addr,<,0x556227de8000
eager,mmap,1,addr,>,0x5562278b0000,addr,<,0x556227de8000
eager,heap,1,addr,>,0x556227dea000,addr,<,0x55623b2ef000
eager,mmap,1,addr,>,0x556227dea000,addr,<,0x55623b2ef000
eager,heap,1,addr,>,0x55623b2f1000,addr,<,0x55623bbe4000
eager,mmap,1,addr,>,0x55623b2f1000,addr,<,0x55623bbe4000
eager,heap,1,addr,>,0x55623bbe6000,addr,<,0x55623ec07000
eager,mmap,1,addr,>,0x55623bbe6000,addr,<,0x55623ec07000
eager,heap,1,addr,>,0x55623ec09000,addr,<,0x556240941000
eager,mmap,1,addr,>,0x55623ec09000,addr,<,0x556240941000
eager,heap,1,addr,>,0x556240943000,addr,<,0x556241719000
eager,mmap,1,addr,>,0x556240943000,addr,<,0x556241719000
eager,heap,1,addr,>,0x55624171b000,addr,<,0x556241e50000
eager,mmap,1,addr,>,0x55624171b000,addr,<,0x556241e50000
eager,heap,1,addr,>,0x556241e52000,addr,<,0x5562421f6000
eager,mmap,1,addr,>,0x556241e52000,addr,<,0x5562421f6000
eager,heap,1,addr,>,0x5562421f8000,addr,<,0x5562422b3000
eager,mmap,1,addr,>,0x5562421f8000,addr,<,0x5562422b3000
eager,heap,1,addr,>,0x5562422b5000,addr,<,0x556242664000
eager,mmap,1,addr,>,0x5562422b5000,addr,<,0x556242664000
eager,heap,1,addr,>,0x556242666000,addr,<,0x556243e66000
eager,mmap,1,addr,>,0x556242666000,addr,<,0x556243e66000
eager,heap,1,addr,>,0x556243e68000,addr,<,0x556263293000
eager,mmap,1,addr,>,0x556243e68000,addr,<,0x556263293000
eager,heap,1,addr,>,0x556263295000,addr,<,0x5562636ba000
eager,mmap,1,addr,>,0x556263295000,addr,<,0x5562636ba000
eager,heap,1,addr,>,0x5562636bc000,addr,<,0x556278c97000
eager,mmap,1,addr,>,0x5562636bc000,addr,<,0x556278c97000
eager,heap,1,addr,>,0x556278c99000,addr,<,0x556278d0a000
eager,mmap,1,addr,>,0x556278c99000,addr,<,0x556278d0a000
eager,heap,1,addr,>,0x556278d0c000,addr,<,0x556278d95000
eager,mmap,1,addr,>,0x556278d0c000,addr,<,0x556278d95000
eager,heap,1,addr,>,0x556278d97000,addr,<,0x556284437000
eager,mmap,1,addr,>,0x556278d97000,addr,<,0x556284437000
eager,heap,1,addr,>,0x556284439000,addr,<,0x556284dee000
eager,mmap,1,addr,>,0x556284439000,addr,<,0x556284dee000
eager,heap,1,addr,>,0x556284df0000,addr,<,0x556285311000
eager,mmap,1,addr,>,0x556284df0000,addr,<,0x556285311000
eager,heap,1,addr,>,0x556285313000,addr,<,0x556285efa000
eager,mmap,1,addr,>,0x556285313000,addr,<,0x556285efa000
eager,heap,1,addr,>,0x556285efc000,addr,<,0x556285f57000
eager,mmap,1,addr,>,0x556285efc000,addr,<,0x556285f57000
eager,heap,1,addr,>,0x556285f59000,addr,<,0x556285fcf000
eager,mmap,1,addr,>,0x556285f59000,addr,<,0x556285fcf000
eager,heap,1,addr,>,0x556285fd1000,addr,<,0x5562867b1000
eager,mmap,1,addr,>,0x556285fd1000,addr,<,0x5562867b1000
eager,heap,1,addr,>,0x5562867b3000,addr,<,0x55628804d000
eager,mmap,1,addr,>,0x5562867b3000,addr,<,0x55628804d000
eager,heap,1,addr,>,0x55628804f000,addr,<,0x5562bba1f000
eager,mmap,1,addr,>,0x55628804f000,addr,<,0x5562bba1f000
eager,heap,1,addr,>,0x5562bba21000,addr,<,0x5562d85be000
eager,mmap,1,addr,>,0x5562bba21000,addr,<,0x5562d85be000
eager,heap,1,addr,>,0x5562d85c0000,addr,<,0x5562de4d6000
eager,mmap,1,addr,>,0x5562d85c0000,addr,<,0x5562de4d6000
eager,heap,1,addr,>,0x5562de4d8000,addr,<,0x5562dfcc7000
eager,mmap,1,addr,>,0x5562de4d8000,addr,<,0x5562dfcc7000
eager,heap,1,addr,>,0x5562dfcc9000,addr,<,0x5562f57ec000
eager,mmap,1,addr,>,0x5562dfcc9000,addr,<,0x5562f57ec000
eager,heap,1,addr,>,0x5562f57ee000,addr,<,0x556302160000
eager,mmap,1,addr,>,0x5562f57ee000,addr,<,0x556302160000
eager,heap,1,addr,>,0x556302162000,addr,<,0x55630ac34000
eager,mmap,1,addr,>,0x556302162000,addr,<,0x55630ac34000
eager,heap,1,addr,>,0x55630ac36000,addr,<,0x55632f333000
eager,mmap,1,addr,>,0x55630ac36000,addr,<,0x55632f333000
eager,heap,1,addr,>,0x55632f335000,addr,<,0x55633258d000
eager,mmap,1,addr,>,0x55632f335000,addr,<,0x55633258d000
eager,heap,1,addr,>,0x55633258f000,addr,<,0x5563331a1000
eager,mmap,1,addr,>,0x55633258f000,addr,<,0x5563331a1000
eager,heap,1,addr,>,0x5563331a3000,addr,<,0x5563392b4000
eager,mmap,1,addr,>,0x5563331a3000,addr,<,0x5563392b4000
eager,heap,1,addr,>,0x5563392b6000,addr,<,0x55633bcf0000
eager,mmap,1,addr,>,0x5563392b6000,addr,<,0x55633bcf0000
eager,heap,1,addr,>,0x55633bcf2000,addr,<,0x55633be4a000
eager,mmap,1,addr,>,0x55633bcf2000,addr,<,0x55633be4a000
eager,heap,1,addr,>,0x55633be4c000,addr,<,0x55633c3b8000
eager,mmap,1,addr,>,0x55633be4c000,addr,<,0x55633c3b8000
eager,heap,1,addr,>,0x55633c3ba000,addr,<,0x55633d37d000
eager,mmap,1,addr,>,0x55633c3ba000,addr,<,0x55633d37d000
eager,heap,1,addr,>,0x55633d37f000,addr,<,0x55633e3fb000
eager,mmap,1,addr,>,0x55633d37f000,addr,<,0x55633e3fb000
eager,heap,1,addr,>,0x55633e3fd000,addr,<,0x556342be7000
eager,mmap,1,addr,>,0x55633e3fd000,addr,<,0x556342be7000
eager,heap,1,addr,>,0x556342be9000,addr,<,0x556345599000
eager,mmap,1,addr,>,0x556342be9000,addr,<,0x556345599000
eager,heap,1,addr,>,0x55634559b000,addr,<,0x55634833f000
eager,mmap,1,addr,>,0x55634559b000,addr,<,0x55634833f000
eager,heap,1,addr,>,0x556348341000,addr,<,0x556348dbc000
eager,mmap,1,addr,>,0x556348341000,addr,<,0x556348dbc000
eager,heap,1,addr,>,0x556348dbe000,addr,<,0x556348f36000
eager,mmap,1,addr,>,0x556348dbe000,addr,<,0x556348f36000
eager,heap,1,addr,>,0x556348f38000,addr,<,0x55636af1a000
eager,mmap,1,addr,>,0x556348f38000,addr,<,0x55636af1a000
eager,heap,1,addr,>,0x55636af1c000,addr,<,0x55636d1cf000
eager,mmap,1,addr,>,0x55636af1c000,addr,<,0x55636d1cf000
eager,heap,1,addr,>,0x55636d1d1000,addr,<,0x55636d624000
eager,mmap,1,addr,>,0x55636d1d1000,addr,<,0x55636d624000
eager,heap,1,addr,>,0x55636d626000,addr,<,0x55637400b000
eager,mmap,1,addr,>,0x55636d626000,addr,<,0x55637400b000
eager,heap,1,addr,>,0x55637400d000,addr,<,0x556375130000
eager,mmap,1,addr,>,0x55637400d000,addr,<,0x556375130000
eager,heap,1,addr,>,0x556375132000,addr,<,0x556376546000
eager,mmap,1,addr,>,0x556375132000,addr,<,0x556376546000
eager,heap,1,addr,>,0x556376548000,addr,<,0x55637ee0c000
eager,mmap,1,addr,>,0x556376548000,addr,<,0x55637ee0c000
eager,heap,1,addr,>,0x55637ee0e000,addr,<,0x55637f272000
eager,mmap,1,addr,>,0x55637ee0e000,addr,<,0x55637f272000
eager,heap,1,addr,>,0x55637f274000,addr,<,0x556381acb000
eager,mmap,1,addr,>,0x55637f274000,addr,<,0x556381acb000
eager,heap,1,addr,>,0x556381acd000,addr,<,0x55638f7e1000
eager,mmap,1,addr,>,0x556381acd000,addr,<,0x55638f7e1000
eager,heap,1,addr,>,0x55638f7e3000,addr,<,0x55638fa90000
eager,mmap,1,addr,>,0x55638f7e3000,addr,<,0x55638fa90000
eager,heap,1,addr,>,0x55638fa92000,addr,<,0x5563a78fd000
eager,mmap,1,addr,>,0x55638fa92000,addr,<,0x5563a78fd000
eager,heap,1,addr,>,0x5563a78ff000,addr,<,0x5563b0a8d000
eager,mmap,1,addr,>,0x5563a78ff000,addr,<,0x5563b0a8d000
eager,heap,1,addr,>,0x5563b0a8f000,addr,<,0x5563bbab1000
eager,mmap,1,addr,>,0x5563b0a8f000,addr,<,0x5563bbab1000
eager,heap,1,addr,>,0x5563bbab3000,addr,<,0x5563bf61c000
eager,mmap,1,addr,>,0x5563bbab3000,addr,<,0x5563bf61c000
eager,heap,1,addr,>,0x5563bf61e000,addr,<,0x5563c0011000
eager,mmap,1,addr,>,0x5563bf61e000,addr,<,0x5563c0011000
eager,heap,1,addr,>,0x5563c0013000,addr,<,0x5563cb7d4000
eager,mmap,1,addr,>,0x5563c0013000,addr,<,0x5563cb7d4000
eager,heap,1,addr,>,0x5563cb7d6000,addr,<,0x5563de8e9000
eager,mmap,1,addr,>,0x5563cb7d6000,addr,<,0x5563de8e9000
eager,heap,1,addr,>,0x5563de8eb000,addr,<,0x5563de98e000
eager,mmap,1,addr,>,0x5563de8eb000,addr,<,0x5563de98e000
eager,heap,1,addr,>,0x5563de990000,addr,<,0x5563deb69000
eager,mmap,1,addr,>,0x5563de990000,addr,<,0x5563deb69000
eager,heap,1,addr,>,0x5563deb6b000,addr,<,0x5563edbc6000
eager,mmap,1,addr,>,0x5563deb6b000,addr,<,0x5563edbc6000
eager,heap,1,addr,>,0x5563edbc8000,addr,<,0x5563f1aca000
eager,mmap,1,addr,>,0x5563edbc8000,addr,<,0x5563f1aca000
eager,heap,1,addr,>,0x5563f1acc000,addr,<,0x5563fda98000
eager,mmap,1,addr,>,0x5563f1acc000,addr,<,0x5563fda98000
eager,heap,1,addr,>,0x5563fda9a000,addr,<,0x5564103b0000
eager,mmap,1,addr,>,0x5563fda9a000,addr,<,0x5564103b0000
eager,heap,1,addr,>,0x5564103b2000,addr,<,0x556412863000
eager,mmap,1,addr,>,0x5564103b2000,addr,<,0x556412863000
eager,heap,1,addr,>,0x556412865000,addr,<,0x556415233000
eager,mmap,1,addr,>,0x556412865000,addr,<,0x556415233000
eager,heap,1,addr,>,0x556415235000,addr,<,0x556431fc2000
eager,mmap,1,addr,>,0x556415235000,addr,<,0x556431fc2000
eager,heap,1,addr,>,0x556431fc4000,addr,<,0x556441394000
eager,mmap,1,addr,>,0x556431fc4000,addr,<,0x556441394000
eager,heap,1,addr,>,0x556441396000,addr,<,0x5564415a0000
eager,mmap,1,addr,>,0x556441396000,addr,<,0x5564415a0000
eager,heap,1,addr,>,0x5564415a2000,addr,<,0x556441b74000
eager,mmap,1,addr,>,0x5564415a2000,addr,<,0x556441b74000
eager,heap,1,addr,>,0x556441b76000,addr,<,0x5564420c2000
eager,mmap,1,addr,>,0x556441b76000,addr,<,0x5564420c2000
eager,heap,1,addr,>,0x5564420c4000,addr,<,0x5564437d6000
eager,mmap,1,addr,>,0x5564420c4000,addr,<,0x5564437d6000
eager,heap,1,addr,>,0x5564437d8000,addr,<,0x556446104000
eager,mmap,1,addr,>,0x5564437d8000,addr,<,0x556446104000
eager,heap,1,addr,>,0x556446106000,addr,<,0x556455357000
eager,mmap,1,addr,>,0x556446106000,addr,<,0x556455357000
eager,heap,1,addr,>,0x556455359000,addr,<,0x556457de3000
eager,mmap,1,addr,>,0x556455359000,addr,<,0x556457de3000
eager,heap,1,addr,>,0x556457de5000,addr,<,0x55645afd2000
eager,mmap,1,addr,>,0x556457de5000,addr,<,0x55645afd2000
eager,heap,1,addr,>,0x55645afd4000,addr,<,0x55646cdc2000
eager,mmap,1,addr,>,0x55645afd4000,addr,<,0x55646cdc2000
eager,heap,1,addr,>,0x55646cdc4000,addr,<,0x556479184000
eager,mmap,1,addr,>,0x55646cdc4000,addr,<,0x556479184000
eager,heap,1,addr,>,0x556479186000,addr,<,0x55647c271000
eager,mmap,1,addr,>,0x556479186000,addr,<,0x55647c271000
eager,heap,1,addr,>,0x55647c273000,addr,<,0x55647d2df000
eager,mmap,1,addr,>,0x55647c273000,addr,<,0x55647d2df000
eager,heap,1,addr,>,0x55647d2e1000,addr,<,0x55648c77a000
eager,mmap,1,addr,>,0x55647d2e1000,addr,<,0x55648c77a000
eager,heap,1,addr,>,0x55648c77c000,addr,<,0x556490af5000
eager,mmap,1,addr,>,0x55648c77c000,addr,<,0x556490af5000
eager,heap,1,addr,>,0x556490af7000,addr,<,0x556493c35000
eager,mmap,1,addr,>,0x556490af7000,addr,<,0x556493c35000
eager,heap,1,addr,>,0x556493c37000,addr,<,0x55649af1b000
eager,mmap,1,addr,>,0x556493c37000,addr,<,0x55649af1b000
eager,heap,1,addr,>,0x55649af1d000,addr,<,0x5564a2e69000
eager,mmap,1,addr,>,0x55649af1d000,addr,<,0x5564a2e69000
eager,heap,1,addr,>,0x5564a2e6b000,addr,<,0x5564a4229000
eager,mmap,1,addr,>,0x5564a2e6b000,addr,<,0x5564a4229000
eager,heap,1,addr,>,0x5564a422c000,addr,<,0x5564a73a8000
eager,mmap,1,addr,>,0x5564a422c000,addr,<,0x5564a73a8000
eager,heap,1,addr,>,0x5564a73aa000,addr,<,0x5564ab8e8000
eager,mmap,1,addr,>,0x5564a73aa000,addr,<,0x5564ab8e8000
eager,heap,1,addr,>,0x5564ab8ea000,addr,<,0x5564afe0d000
eager,mmap,1,addr,>,0x5564ab8ea000,addr,<,0x5564afe0d000
eager,heap,1,addr,>,0x5564afe0f000,addr,<,0x5564c3627000
eager,mmap,1,addr,>,0x5564afe0f000,addr,<,0x5564c3627000
eager,heap,1,addr,>,0x5564c3629000,addr,<,0x5564c67bc000
eager,mmap,1,addr,>,0x5564c3629000,addr,<,0x5564c67bc000
eager,heap,1,addr,>,0x5564c67be000,addr,<,0x5564c7588000
eager,mmap,1,addr,>,0x5564c67be000,addr,<,0x5564c7588000
eager,heap,1,addr,>,0x5564c758a000,addr,<,0x5564e8279000
eager,mmap,1,addr,>,0x5564c758a000,addr,<,0x5564e8279000
eager,heap,1,addr,>,0x5564e827b000,addr,<,0x5564f43db000
eager,mmap,1,addr,>,0x5564e827b000,addr,<,0x5564f43db000
eager,heap,1,addr,>,0x5564f43dd000,addr,<,0x5564fa436000
eager,mmap,1,addr,>,0x5564f43dd000,addr,<,0x5564fa436000
eager,heap,1,addr,>,0x5564fa438000,addr,<,0x55650fbb5000
eager,mmap,1,addr,>,0x5564fa438000,addr,<,0x55650fbb5000
eager,heap,1,addr,>,0x55650fbb7000,addr,<,0x5565113d9000
eager,mmap,1,addr,>,0x55650fbb7000,addr,<,0x5565113d9000
eager,heap,1,addr,>,0x5565113db000,addr,<,0x556512e32000
eager,mmap,1,addr,>,0x5565113db000,addr,<,0x556512e32000
eager,heap,1,addr,>,0x556512e34000,addr,<,0x556513cac000
eager,mmap,1,addr,>,0x556512e34000,addr,<,0x556513cac000
eager,heap,1,addr,>,0x556513cae000,addr,<,0x5565152aa000
eager,mmap,1,addr,>,0x556513cae000,addr,<,0x5565152aa000
eager,heap,1,addr,>,0x5565152ac000,addr,<,0x5565258bf000
eager,mmap,1,addr,>,0x5565152ac000,addr,<,0x5565258bf000
eager,heap,1,addr,>,0x5565258c1000,addr,<,0x55652add6000
eager,mmap,1,addr,>,0x5565258c1000,addr,<,0x55652add6000
eager,heap,1,addr,>,0x55652add8000,addr,<,0x55652af61000
eager,mmap,1,addr,>,0x55652add8000,addr,<,0x55652af61000
eager,heap,1,addr,>,0x55652af63000,addr,<,0x55653835d000
eager,mmap,1,addr,>,0x55652af63000,addr,<,0x55653835d000
eager,heap,1,addr,>,0x55653835f000,addr,<,0x556539887000
eager,mmap,1,addr,>,0x55653835f000,addr,<,0x556539887000
eager,heap,1,addr,>,0x556539889000,addr,<,0x55653b6bc000
eager,mmap,1,addr,>,0x556539889000,addr,<,0x55653b6bc000
eager,heap,1,addr,>,0x55653b6be000,addr,<,0x556544da8000
eager,mmap,1,addr,>,0x55653b6be000,addr,<,0x556544da8000
eager,heap,1,addr,>,0x556544daa000,addr,<,0x556544dad000
eager,mmap,1,addr,>,0x556544daa000,addr,<,0x556544dad000
eager,heap,1,addr,>,0x556544daf000,addr,<,0x556546168000
eager,mmap,1,addr,>,0x556544daf000,addr,<,0x556546168000
eager,heap,1,addr,>,0x55654616a000,addr,<,0x556546b45000
eager,mmap,1,addr,>,0x55654616a000,addr,<,0x556546b45000
eager,heap,1,addr,>,0x556546b47000,addr,<,0x556546b48000
eager,mmap,1,addr,>,0x556546b47000,addr,<,0x556546b48000
eager,heap,1,addr,>,0x556546b4a000,addr,<,0x55654c456000
eager,mmap,1,addr,>,0x556546b4a000,addr,<,0x55654c456000
eager,heap,1,addr,>,0x55654c458000,addr,<,0x55654d825000
eager,mmap,1,addr,>,0x55654c458000,addr,<,0x55654d825000
eager,heap,1,addr,>,0x55654d827000,addr,<,0x55654d831000
eager,mmap,1,addr,>,0x55654d827000,addr,<,0x55654d831000
eager,heap,1,addr,>,0x55654d833000,addr,<,0x55654f6b8000
eager,mmap,1,addr,>,0x55654d833000,addr,<,0x55654f6b8000
eager,heap,1,addr,>,0x55654f6ba000,addr,<,0x55654fda1000
eager,mmap,1,addr,>,0x55654f6ba000,addr,<,0x55654fda1000
eager,heap,1,addr,>,0x55654fda3000,addr,<,0x556553e0d000
eager,mmap,1,addr,>,0x55654fda3000,addr,<,0x556553e0d000
eager,heap,1,addr,>,0x556553e0f000,addr,<,0x55655403d000
eager,mmap,1,addr,>,0x556553e0f000,addr,<,0x55655403d000
eager,heap,1,addr,>,0x55655403f000,addr,<,0x556554040000
eager,mmap,1,addr,>,0x55655403f000,addr,<,0x556554040000
eager,heap,1,addr,>,0x556554042000,addr,<,0x556554736000
eager,mmap,1,addr,>,0x556554042000,addr,<,0x556554736000
eager,heap,1,addr,>,0x556554738000,addr,<,0x556555dea000
eager,mmap,1,addr,>,0x556554738000,addr,<,0x556555dea000
eager,heap,1,addr,>,0x556555dec000,addr,<,0x556557d18000
eager,mmap,1,addr,>,0x556555dec000,addr,<,0x556557d18000
eager,heap,1,addr,>,0x556557d1a000,addr,<,0x5565696b1000
eager,mmap,1,addr,>,0x556557d1a000,addr,<,0x5565696b1000
eager,heap,1,addr,>,0x5565696b3000,addr,<,0x55656d3bd000
eager,mmap,1,addr,>,0x5565696b3000,addr,<,0x55656d3bd000
eager,heap,1,addr,>,0x55656d3bf000,addr,<,0x55656d64e000
eager,mmap,1,addr,>,0x55656d3bf000,addr,<,0x55656d64e000
eager,heap,1,addr,>,0x55656d650000,addr,<,0x5565702ff000
eager,mmap,1,addr,>,0x55656d650000,addr,<,0x5565702ff000
eager,heap,1,addr,>,0x556570301000,addr,<,0x55657187b000
eager,mmap,1,addr,>,0x556570301000,addr,<,0x55657187b000
eager,heap,1,addr,>,0x55657187d000,addr,<,0x55657c74e000
eager,mmap,1,addr,>,0x55657187d000,addr,<,0x55657c74e000
eager,heap,1,addr,>,0x55657c750000,addr,<,0x55657cd49000
eager,mmap,1,addr,>,0x55657c750000,addr,<,0x55657cd49000
eager,heap,1,addr,>,0x55657cd4b000,addr,<,0x55657f338000
eager,mmap,1,addr,>,0x55657cd4b000,addr,<,0x55657f338000
eager,heap,1,addr,>,0x55657f33a000,addr,<,0x55657f362000
eager,mmap,1,addr,>,0x55657f33a000,addr,<,0x55657f362000
eager,heap,1,addr,>,0x55657f364000,addr,<,0x55657f391000
eager,mmap,1,addr,>,0x55657f364000,addr,<,0x55657f391000
eager,heap,1,addr,>,0x55657f393000,addr,<,0x556581e08000
eager,mmap,1,addr,>,0x55657f393000,addr,<,0x556581e08000
eager,heap,1,addr,>,0x556581e0a000,addr,<,0x556582496000
eager,mmap,1,addr,>,0x556581e0a000,addr,<,0x556582496000
eager,heap,1,addr,>,0x556582498000,addr,<,0x5565833b5000
eager,mmap,1,addr,>,0x556582498000,addr,<,0x5565833b5000
eager,heap,1,addr,>,0x5565833b7000,addr,<,0x556583d45000
eager,mmap,1,addr,>,0x5565833b7000,addr,<,0x556583d45000
eager,heap,1,addr,>,0x556583d47000,addr,<,0x556583d91000
eager,mmap,1,addr,>,0x556583d47000,addr,<,0x556583d91000
eager,heap,1,addr,>,0x556583d93000,addr,<,0x55658a1ec000
eager,mmap,1,addr,>,0x556583d93000,addr,<,0x55658a1ec000
eager,heap,1,addr,>,0x55658a1ee000,addr,<,0x55658a5c2000
eager,mmap,1,addr,>,0x55658a1ee000,addr,<,0x55658a5c2000
eager,heap,1,addr,>,0x55658a5c4000,addr,<,0x55658a60f000
eager,mmap,1,addr,>,0x55658a5c4000,addr,<,0x55658a60f000
eager,heap,1,addr,>,0x55658a611000,addr,<,0x55658b110000
eager,mmap,1,addr,>,0x55658a611000,addr,<,0x55658b110000
eager,heap,1,addr,>,0x55658b112000,addr,<,0x55658e22f000
eager,mmap,1,addr,>,0x55658b112000,addr,<,0x55658e22f000
eager,heap,1,addr,>,0x55658e231000,addr,<,0x5565a3235000
eager,mmap,1,addr,>,0x55658e231000,addr,<,0x5565a3235000
eager,heap,1,addr,>,0x5565a3237000,addr,<,0x5565a8afd000
eager,mmap,1,addr,>,0x5565a3237000,addr,<,0x5565a8afd000
eager,heap,1,addr,>,0x5565a8aff000,addr,<,0x5565a8fef000
eager,mmap,1,addr,>,0x5565a8aff000,addr,<,0x5565a8fef000
eager,heap,1,addr,>,0x5565a8ff1000,addr,<,0x5565ac87e000
eager,mmap,1,addr,>,0x5565a8ff1000,addr,<,0x5565ac87e000
eager,heap,1,addr,>,0x5565ac880000,addr,<,0x5565bfcf4000
eager,mmap,1,addr,>,0x5565ac880000,addr,<,0x5565bfcf4000
eager,heap,1,addr,>,0x5565bfcf6000,addr,<,0x5565bfcf7000
eager,mmap,1,addr,>,0x5565bfcf6000,addr,<,0x5565bfcf7000
eager,heap,1,addr,>,0x5565bfcf9000,addr,<,0x5565c6161000
eager,mmap,1,addr,>,0x5565bfcf9000,addr,<,0x5565c6161000
eager,heap,1,addr,>,0x5565c6163000,addr,<,0x5565c7edf000
eager,mmap,1,addr,>,0x5565c6163000,addr,<,0x5565c7edf000
eager,heap,1,addr,>,0x5565c7ee1000,addr,<,0x5565c89e4000
eager,mmap,1,addr,>,0x5565c7ee1000,addr,<,0x5565c89e4000
eager,heap,1,addr,>,0x5565c89e6000,addr,<,0x5565c8a3b000
eager,mmap,1,addr,>,0x5565c89e6000,addr,<,0x5565c8a3b000
eager,heap,1,addr,>,0x5565c8a3d000,addr,<,0x5565c90d2000
eager,mmap,1,addr,>,0x5565c8a3d000,addr,<,0x5565c90d2000
eager,heap,1,addr,>,0x5565c90d4000,addr,<,0x5565c90d5000
eager,mmap,1,addr,>,0x5565c90d4000,addr,<,0x5565c90d5000
eager,heap,1,addr,>,0x5565c90d7000,addr,<,0x5565c93f8000
eager,mmap,1,addr,>,0x5565c90d7000,addr,<,0x5565c93f8000
eager,heap,1,addr,>,0x5565c93fa000,addr,<,0x5565c971d000
eager,mmap,1,addr,>,0x5565c93fa000,addr,<,0x5565c971d000
eager,heap,1,addr,>,0x5565c971f000,addr,<,0x5565cab44000
eager,mmap,1,addr,>,0x5565c971f000,addr,<,0x5565cab44000
eager,heap,1,addr,>,0x5565cab46000,addr,<,0x5565ccc20000
eager,mmap,1,addr,>,0x5565cab46000,addr,<,0x5565ccc20000
eager,heap,1,addr,>,0x5565ccc22000,addr,<,0x5565cce5f000
eager,mmap,1,addr,>,0x5565ccc22000,addr,<,0x5565cce5f000
eager,heap,1,addr,>,0x5565cce61000,addr,<,0x5565cce62000
eager,mmap,1,addr,>,0x5565cce61000,addr,<,0x5565cce62000
eager,heap,1,addr,>,0x5565cce64000,addr,<,0x5565d259c000
eager,mmap,1,addr,>,0x5565cce64000,addr,<,0x5565d259c000
eager,heap,1,addr,>,0x5565d259e000,addr,<,0x5565d2ad5000
eager,mmap,1,addr,>,0x5565d259e000,addr,<,0x5565d2ad5000
eager,heap,1,addr,>,0x5565d2ad7000,addr,<,0x5565dbfd8000
eager,mmap,1,addr,>,0x5565d2ad7000,addr,<,0x5565dbfd8000
eager,heap,1,addr,>,0x5565dbfda000,addr,<,0x5565dc1c3000
eager,mmap,1,addr,>,0x5565dbfda000,addr,<,0x5565dc1c3000
eager,heap,1,addr,>,0x5565dc1c5000,addr,<,0x5565dc980000
eager,mmap,1,addr,>,0x5565dc1c5000,addr,<,0x5565dc980000
eager,heap,1,addr,>,0x5565dc982000,addr,<,0x5565e0c44000
eager,mmap,1,addr,>,0x5565dc982000,addr,<,0x5565e0c44000
eager,heap,1,addr,>,0x5565e0c46000,addr,<,0x5565e0e5d000
eager,mmap,1,addr,>,0x5565e0c46000,addr,<,0x5565e0e5d000
eager,heap,1,addr,>,0x5565e0e5f000,addr,<,0x5565e34b8000
eager,mmap,1,addr,>,0x5565e0e5f000,addr,<,0x5565e34b8000
eager,heap,1,addr,>,0x5565e34ba000,addr,<,0x5565e367e000
eager,mmap,1,addr,>,0x5565e34ba000,addr,<,0x5565e367e000
eager,heap,1,addr,>,0x5565e3680000,addr,<,0x5565e3cd3000
eager,mmap,1,addr,>,0x5565e3680000,addr,<,0x5565e3cd3000
eager,heap,1,addr,>,0x5565e3cd5000,addr,<,0x5565e4d3f000
eager,mmap,1,addr,>,0x5565e3cd5000,addr,<,0x5565e4d3f000
eager,heap,1,addr,>,0x5565e4d41000,addr,<,0x5565e621e000
eager,mmap,1,addr,>,0x5565e4d41000,addr,<,0x5565e621e000
eager,heap,1,addr,>,0x5565e6220000,addr,<,0x5565e6a14000
eager,mmap,1,addr,>,0x5565e6220000,addr,<,0x5565e6a14000
eager,heap,1,addr,>,0x5565e6a17000,addr,<,0x5565ee190000
eager,mmap,1,addr,>,0x5565e6a17000,addr,<,0x5565ee190000
eager,heap,1,addr,>,0x5565ee192000,addr,<,0x556603aed000
eager,mmap,1,addr,>,0x5565ee192000,addr,<,0x556603aed000
eager,heap,1,addr,>,0x556603aef000,addr,<,0x556603cce000
eager,mmap,1,addr,>,0x556603aef000,addr,<,0x556603cce000
eager,heap,1,addr,>,0x556603cd0000,addr,<,0x55660406b000
eager,mmap,1,addr,>,0x556603cd0000,addr,<,0x55660406b000
eager,heap,1,addr,>,0x55660406d000,addr,<,0x55660621c000
eager,mmap,1,addr,>,0x55660406d000,addr,<,0x55660621c000
eager,heap,1,addr,>,0x55660621e000,addr,<,0x556606c5e000
eager,mmap,1,addr,>,0x55660621e000,addr,<,0x556606c5e000
eager,heap,1,addr,>,0x556606c60000,addr,<,0x5566074f8000
eager,mmap,1,addr,>,0x556606c60000,addr,<,0x5566074f8000
eager,heap,1,addr,>,0x5566074fa000,addr,<,0x5566077c0000
eager,mmap,1,addr,>,0x5566074fa000,addr,<,0x5566077c0000
eager,heap,1,addr,>,0x5566077c2000,addr,<,0x556607c5f000
eager,mmap,1,addr,>,0x5566077c2000,addr,<,0x556607c5f000
eager,heap,1,addr,>,0x556607c61000,addr,<,0x556607c62000
eager,mmap,1,addr,>,0x556607c61000,addr,<,0x556607c62000
eager,heap,1,addr,>,0x556607c64000,addr,<,0x556608259000
eager,mmap,1,addr,>,0x556607c64000,addr,<,0x556608259000
eager,heap,1,addr,>,0x55660825b000,addr,<,0x556608492000
eager,mmap,1,addr,>,0x55660825b000,addr,<,0x556608492000
eager,heap,1,addr,>,0x556608494000,addr,<,0x5566085b0000
eager,mmap,1,addr,>,0x556608494000,addr,<,0x5566085b0000
eager,heap,1,addr,>,0x5566085b2000,addr,<,0x5566087f3000
eager,mmap,1,addr,>,0x5566085b2000,addr,<,0x5566087f3000
eager,heap,1,addr,>,0x5566087f5000,addr,<,0x556608a98000
eager,mmap,1,addr,>,0x5566087f5000,addr,<,0x556608a98000
eager,heap,1,addr,>,0x556608a9a000,addr,<,0x55660927f000
eager,mmap,1,addr,>,0x556608a9a000,addr,<,0x55660927f000
eager,heap,1,addr,>,0x556609281000,addr,<,0x55660a166000
eager,mmap,1,addr,>,0x556609281000,addr,<,0x55660a166000
eager,heap,1,addr,>,0x55660a168000,addr,<,0x55660a4dd000
eager,mmap,1,addr,>,0x55660a168000,addr,<,0x55660a4dd000
eager,heap,1,addr,>,0x55660a4df000,addr,<,0x55660ac15000
eager,mmap,1,addr,>,0x55660a4df000,addr,<,0x55660ac15000
eager,heap,1,addr,>,0x55660ac17000,addr,<,0x55660ac65000
eager,mmap,1,addr,>,0x55660ac17000,addr,<,0x55660ac65000
eager,heap,1,addr,>,0x55660ac67000,addr,<,0x55660b7d6000
eager,mmap,1,addr,>,0x55660ac67000,addr,<,0x55660b7d6000
eager,heap,1,addr,>,0x55660b7d9000,addr,<,0x55660daad000
eager,mmap,1,addr,>,0x55660b7d9000,addr,<,0x55660daad000
eager,heap,1,addr,>,0x55660daaf000,addr,<,0x55660dbe2000
eager,mmap,1,addr,>,0x55660daaf000,addr,<,0x55660dbe2000
eager,heap,1,addr,>,0x55660dbe4000,addr,<,0x55660dfb0000
eager,mmap,1,addr,>,0x55660dbe4000,addr,<,0x55660dfb0000
eager,heap,1,addr,>,0x55660dfb2000,addr,<,0x55660e0e4000
eager,mmap,1,addr,>,0x55660dfb2000,addr,<,0x55660e0e4000
eager,heap,1,addr,>,0x55660e0e6000,addr,<,0x55660e0e7000
eager,mmap,1,addr,>,0x55660e0e6000,addr,<,0x55660e0e7000
eager,heap,1,addr,>,0x55660e0e9000,addr,<,0x55660f816000
eager,mmap,1,addr,>,0x55660e0e9000,addr,<,0x55660f816000
eager,heap,1,addr,>,0x55660f818000,addr,<,0x556613873000
eager,mmap,1,addr,>,0x55660f818000,addr,<,0x556613873000
eager,heap,1,addr,>,0x556613875000,addr,<,0x556616744000
eager,mmap,1,addr,>,0x556613875000,addr,<,0x556616744000
eager,heap,1,addr,>,0x556616746000,addr,<,0x556616d30000
eager,mmap,1,addr,>,0x556616746000,addr,<,0x556616d30000
eager,heap,1,addr,>,0x556616d32000,addr,<,0x556617df0000
eager,mmap,1,addr,>,0x556616d32000,addr,<,0x556617df0000
eager,heap,1,addr,>,0x556617df2000,addr,<,0x556631ae4000
eager,mmap,1,addr,>,0x556617df2000,addr,<,0x556631ae4000
eager,heap,1,addr,>,0x556631ae6000,addr,<,0x556636ffb000
eager,mmap,1,addr,>,0x556631ae6000,addr,<,0x556636ffb000
eager,heap,1,addr,>,0x556636ffd000,addr,<,0x5566372f3000
eager,mmap,1,addr,>,0x556636ffd000,addr,<,0x5566372f3000
eager,heap,1,addr,>,0x5566372f5000,addr,<,0x5566395e3000
eager,mmap,1,addr,>,0x5566372f5000,addr,<,0x5566395e3000
eager,heap,1,addr,>,0x5566395e5000,addr,<,0x55663d6a8000
eager,mmap,1,addr,>,0x5566395e5000,addr,<,0x55663d6a8000
eager,heap,1,addr,>,0x55663d6aa000,addr,<,0x55663d933000
eager,mmap,1,addr,>,0x55663d6aa000,addr,<,0x55663d933000
eager,heap,1,addr,>,0x55663d935000,addr,<,0x55663e3bb000
eager,mmap,1,addr,>,0x55663d935000,addr,<,0x55663e3bb000
eager,heap,1,addr,>,0x55663e3bd000,addr,<,0x556642694000
eager,mmap,1,addr,>,0x55663e3bd000,addr,<,0x556642694000
eager,heap,1,addr,>,0x556642696000,addr,<,0x556645151000
eager,mmap,1,addr,>,0x556642696000,addr,<,0x556645151000
eager,heap,1,addr,>,0x556645153000,addr,<,0x5566461ed000
eager,mmap,1,addr,>,0x556645153000,addr,<,0x5566461ed000
eager,heap,1,addr,>,0x5566461ef000,addr,<,0x556646873000
eager,mmap,1,addr,>,0x5566461ef000,addr,<,0x556646873000
eager,heap,1,addr,>,0x556646876000,addr,<,0x55664695e000
eager,mmap,1,addr,>,0x556646876000,addr,<,0x55664695e000
eager,heap,1,addr,>,0x556646960000,addr,<,0x556646a43000
eager,mmap,1,addr,>,0x556646960000,addr,<,0x556646a43000
eager,heap,1,addr,>,0x556646a45000,addr,<,0x556646ed2000
eager,mmap,1,addr,>,0x556646a45000,addr,<,0x556646ed2000
eager,heap,1,addr,>,0x556646ed4000,addr,<,0x5566473f9000
eager,mmap,1,addr,>,0x556646ed4000,addr,<,0x5566473f9000
eager,heap,1,addr,>,0x5566473fb000,addr,<,0x5566477fb000
eager,mmap,1,addr,>,0x5566473fb000,addr,<,0x5566477fb000
eager,heap,1,addr,>,0x5566477fd000,addr,<,0x556649dd2000
eager,mmap,1,addr,>,0x5566477fd000,addr,<,0x556649dd2000
eager,heap,1,addr,>,0x556649dd4000,addr,<,0x55664a249000
eager,mmap,1,addr,>,0x556649dd4000,addr,<,0x55664a249000
eager,heap,1,addr,>,0x55664a24b000,addr,<,0x55664c1cd000
eager,mmap,1,addr,>,0x55664a24b000,addr,<,0x55664c1cd000
eager,heap,1,addr,>,0x55664c1cf000,addr,<,0x55664e5b5000
eager,mmap,1,addr,>,0x55664c1cf000,addr,<,0x55664e5b5000
eager,heap,1,addr,>,0x55664e5b7000,addr,<,0x5566533c8000
eager,mmap,1,addr,>,0x55664e5b7000,addr,<,0x5566533c8000
eager,heap,1,addr,>,0x5566533ca000,addr,<,0x55665c18c000
eager,mmap,1,addr,>,0x5566533ca000,addr,<,0x55665c18c000
eager,heap,1,addr,>,0x55665c18e000,addr,<,0x55665c19b000
eager,mmap,1,addr,>,0x55665c18e000,addr,<,0x55665c19b000
eager,heap,1,addr,>,0x55665c19d000,addr,<,0x55665c409000
eager,mmap,1,addr,>,0x55665c19d000,addr,<,0x55665c409000
eager,heap,1,addr,>,0x55665c40c000,addr,<,0x55665c768000
eager,mmap,1,addr,>,0x55665c40c000,addr,<,0x55665c768000
eager,heap,1,addr,>,0x55665c76a000,addr,<,0x55665c7a1000
eager,mmap,1,addr,>,0x55665c76a000,addr,<,0x55665c7a1000
eager,heap,1,addr,>,0x55665c7a3000,addr,<,0x55665c8ef000
eager,mmap,1,addr,>,0x55665c7a3000,addr,<,0x55665c8ef000
eager,heap,1,addr,>,0x55665c8f1000,addr,<,0x55665ca29000
eager,mmap,1,addr,>,0x55665c8f1000,addr,<,0x55665ca29000
eager,heap,1,addr,>,0x55665ca2b000,addr,<,0x55665cb56000
eager,mmap,1,addr,>,0x55665ca2b000,addr,<,0x55665cb56000
eager,heap,1,addr,>,0x55665cb58000,addr,<,0x55665cc52000
eager,mmap,1,addr,>,0x55665cb58000,addr,<,0x55665cc52000
eager,heap,1,addr,>,0x55665cc54000,addr,<,0x55665d6c3000
eager,mmap,1,addr,>,0x55665cc54000,addr,<,0x55665d6c3000
eager,heap,1,addr,>,0x55665d6c9000,addr,<,0x55665d734000
eager,mmap,1,addr,>,0x55665d6c9000,addr,<,0x55665d734000
eager,heap,1,addr,>,0x55665d739000,addr,<,0x55665d8ca000
eager,mmap,1,addr,>,0x55665d739000,addr,<,0x55665d8ca000
eager,heap,1,addr,>,0x55665d8cf000,addr,<,0x55665ded8000
eager,mmap,1,addr,>,0x55665d8cf000,addr,<,0x55665ded8000
eager,heap,1,addr,>,0x55665deda000,addr,<,0x55665e66f000
eager,mmap,1,addr,>,0x55665deda000,addr,<,0x55665e66f000
eager,heap,1,addr,>,0x55665e671000,addr,<,0x55665eccf000
eager,mmap,1,addr,>,0x55665e671000,addr,<,0x55665eccf000
eager,heap,1,addr,>,0x55665ecd1000,addr,<,0x55665f247000
eager,mmap,1,addr,>,0x55665ecd1000,addr,<,0x55665f247000
eager,heap,1,addr,>,0x55665f249000,addr,<,0x55665f336000
eager,mmap,1,addr,>,0x55665f249000,addr,<,0x55665f336000
eager,heap,1,addr,>,0x55665f338000,addr,<,0x55665f4e7000
eager,mmap,1,addr,>,0x55665f338000,addr,<,0x55665f4e7000
eager,heap,1,addr,>,0x55665f4ec000,addr,<,0x55665f890000
eager,mmap,1,addr,>,0x55665f4ec000,addr,<,0x55665f890000
eager,heap,1,addr,>,0x55665f892000,addr,<,0x55665f916000
eager,mmap,1,addr,>,0x55665f892000,addr,<,0x55665f916000
eager,heap,1,addr,>,0x55665f91b000,addr,<,0x5566600a8000
eager,mmap,1,addr,>,0x55665f91b000,addr,<,0x5566600a8000
eager,heap,1,addr,>,0x5566600aa000,addr,<,0x556666e18000
eager,mmap,1,addr,>,0x5566600aa000,addr,<,0x556666e18000
eager,heap,1,addr,>,0x556666e1a000,addr,<,0x556666e2d000
eager,mmap,1,addr,>,0x556666e1a000,addr,<,0x556666e2d000
eager,heap,1,addr,>,0x556666e2f000,addr,<,0x556668895000
eager,mmap,1,addr,>,0x556666e2f000,addr,<,0x556668895000
eager,heap,1,addr,>,0x556668897000,addr,<,0x55666bbba000
eager,mmap,1,addr,>,0x556668897000,addr,<,0x55666bbba000
eager,heap,1,addr,>,0x55666bbbc000,addr,<,0x55666d1c5000
eager,mmap,1,addr,>,0x55666bbbc000,addr,<,0x55666d1c5000
eager,heap,1,addr,>,0x55666d1c7000,addr,<,0x556680889000
eager,mmap,1,addr,>,0x55666d1c7000,addr,<,0x556680889000
eager,heap,1,addr,>,0x5566808aa000,addr,<,0x55668ceee000
eager,mmap,1,addr,>,0x5566808aa000,addr,<,0x55668ceee000
eager,heap,1,addr,>,0x55668cef0000,addr,<,0x55668d7f7000
eager,mmap,1,addr,>,0x55668cef0000,addr,<,0x55668d7f7000
eager,heap,1,addr,>,0x55668d7f9000,addr,<,0x55668ebe6000
eager,mmap,1,addr,>,0x55668d7f9000,addr,<,0x55668ebe6000
eager,heap,1,addr,>,0x55668ebe8000,addr,<,0x5566977fd000
eager,mmap,1,addr,>,0x55668ebe8000,addr,<,0x5566977fd000
eager,heap,1,addr,>,0x5566977ff000,addr,<,0x5566a02b7000
eager,mmap,1,addr,>,0x5566977ff000,addr,<,0x5566a02b7000
eager,heap,1,addr,>,0x5566a02b9000,addr,<,0x5566ad035000
eager,mmap,1,addr,>,0x5566a02b9000,addr,<,0x5566ad035000
eager,heap,1,addr,>,0x5566ad037000,addr,<,0x5566bb3da000
eager,mmap,1,addr,>,0x5566ad037000,addr,<,0x5566bb3da000
eager,heap,1,addr,>,0x5566bb3dc000,addr,<,0x5566bd795000
eager,mmap,1,addr,>,0x5566bb3dc000,addr,<,0x5566bd795000
eager,heap,1,addr,>,0x5566bd797000,addr,<,0x5566c07da000
eager,mmap,1,addr,>,0x5566bd797000,addr,<,0x5566c07da000
eager,heap,1,addr,>,0x5566c07dc000,addr,<,0x5566c5507000
eager,mmap,1,addr,>,0x5566c07dc000,addr,<,0x5566c5507000
eager,heap,1,addr,>,0x5566c5509000,addr,<,0x5566c7d52000
eager,mmap,1,addr,>,0x5566c5509000,addr,<,0x5566c7d52000
eager,heap,1,addr,>,0x5566c7d54000,addr,<,0x5566ca4dc000
eager,mmap,1,addr,>,0x5566c7d54000,addr,<,0x5566ca4dc000
eager,heap,1,addr,>,0x5566ca4de000,addr,<,0x5566cbe3d000
eager,mmap,1,addr,>,0x5566ca4de000,addr,<,0x5566cbe3d000
eager,heap,1,addr,>,0x5566cbe3f000,addr,<,0x5566cbe7f000
eager,mmap,1,addr,>,0x5566cbe3f000,addr,<,0x5566cbe7f000
eager,heap,1,addr,>,0x5566cbe81000,addr,<,0x5566cbebd000
eager,mmap,1,addr,>,0x5566cbe81000,addr,<,0x5566cbebd000
eager,heap,1,addr,>,0x5566cbebf000,addr,<,0x5566cd628000
eager,mmap,1,addr,>,0x5566cbebf000,addr,<,0x5566cd628000
eager,heap,1,addr,>,0x5566cd62a000,addr,<,0x5566dffb5000
eager,mmap,1,addr,>,0x5566cd62a000,addr,<,0x5566dffb5000
eager,heap,1,addr,>,0x5566dffb7000,addr,<,0x5566e3d9b000
eager,mmap,1,addr,>,0x5566dffb7000,addr,<,0x5566e3d9b000
eager,heap,1,addr,>,0x5566e3d9d000,addr,<,0x5566e477d000
eager,mmap,1,addr,>,0x5566e3d9d000,addr,<,0x5566e477d000
eager,heap,1,addr,>,0x5566e477f000,addr,<,0x5566e69ff000
eager,mmap,1,addr,>,0x5566e477f000,addr,<,0x5566e69ff000
eager,heap,1,addr,>,0x5566e6a01000,addr,<,0x5566e6f06000
eager,mmap,1,addr,>,0x5566e6a01000,addr,<,0x5566e6f06000
eager,heap,1,addr,>,0x5566e6f08000,addr,<,0x5566e78e8000
eager,mmap,1,addr,>,0x5566e6f08000,addr,<,0x5566e78e8000
eager,heap,1,addr,>,0x5566e78ea000,addr,<,0x5566ec6a5000
eager,mmap,1,addr,>,0x5566e78ea000,addr,<,0x5566ec6a5000
eager,heap,1,addr,>,0x5566ec6a7000,addr,<,0x5566f350c000
eager,mmap,1,addr,>,0x5566ec6a7000,addr,<,0x5566f350c000
eager,heap,1,addr,>,0x5566f350e000,addr,<,0x5566f48d4000
eager,mmap,1,addr,>,0x5566f350e000,addr,<,0x5566f48d4000
eager,heap,1,addr,>,0x5566f48d6000,addr,<,0x5566f5f60000
eager,mmap,1,addr,>,0x5566f48d6000,addr,<,0x5566f5f60000
eager,heap,1,addr,>,0x5566f5f62000,addr,<,0x5566f7666000
eager,mmap,1,addr,>,0x5566f5f62000,addr,<,0x5566f7666000
eager,heap,1,addr,>,0x5566f7668000,addr,<,0x556707a3c000
eager,mmap,1,addr,>,0x5566f7668000,addr,<,0x556707a3c000
eager,heap,1,addr,>,0x556707a3e000,addr,<,0x556708bf5000
eager,mmap,1,addr,>,0x556707a3e000,addr,<,0x556708bf5000
eager,heap,1,addr,>,0x556708bf7000,addr,<,0x55670b077000
eager,mmap,1,addr,>,0x556708bf7000,addr,<,0x55670b077000
eager,heap,1,addr,>,0x55670b079000,addr,<,0x556716605000
eager,mmap,1,addr,>,0x55670b079000,addr,<,0x556716605000
eager,heap,1,addr,>,0x556716607000,addr,<,0x556719c88000
eager,mmap,1,addr,>,0x556716607000,addr,<,0x556719c88000
eager,heap,1,addr,>,0x556719c8d000,addr,<,0x5567219c6000
eager,mmap,1,addr,>,0x556719c8d000,addr,<,0x5567219c6000
eager,heap,1,addr,>,0x5567219cb000,addr,<,0x556738a29000
eager,mmap,1,addr,>,0x5567219cb000,addr,<,0x556738a29000
eager,heap,1,addr,>,0x556738a2b000,addr,<,0x556741625000
eager,mmap,1,addr,>,0x556738a2b000,addr,<,0x556741625000
eager,heap,1,addr,>,0x556741627000,addr,<,0x55674a327000
eager,mmap,1,addr,>,0x556741627000,addr,<,0x55674a327000
eager,heap,1,addr,>,0x55674a329000,addr,<,0x55675451e000
eager,mmap,1,addr,>,0x55674a329000,addr,<,0x55675451e000
eager,heap,1,addr,>,0x556754520000,addr,<,0x556754c52000
eager,mmap,1,addr,>,0x556754520000,addr,<,0x556754c52000
eager,heap,1,addr,>,0x556754c57000,addr,<,0x55675b223000
eager,mmap,1,addr,>,0x556754c57000,addr,<,0x55675b223000
eager,heap,1,addr,>,0x55675b225000,addr,<,0x55675c319000
eager,mmap,1,addr,>,0x55675b225000,addr,<,0x55675c319000
eager,heap,1,addr,>,0x55675c31e000,addr,<,0x55675e919000
eager,mmap,1,addr,>,0x55675c31e000,addr,<,0x55675e919000
eager,heap,1,addr,>,0x55675e91e000,addr,<,0x55675e91f000
eager,mmap,1,addr,>,0x55675e91e000,addr,<,0x55675e91f000
eager,heap,1,addr,>,0x55675e921000,addr,<,0x556769d87000
eager,mmap,1,addr,>,0x55675e921000,addr,<,0x556769d87000
eager,heap,1,addr,>,0x556769d89000,addr,<,0x556770b4c000
eager,mmap,1,addr,>,0x556769d89000,addr,<,0x556770b4c000
eager,heap,1,addr,>,0x556770b4e000,addr,<,0x55677e609000
eager,mmap,1,addr,>,0x556770b4e000,addr,<,0x55677e609000
eager,heap,1,addr,>,0x55677e60b000,addr,<,0x556797529000
eager,mmap,1,addr,>,0x55677e60b000,addr,<,0x556797529000
eager,heap,1,addr,>,0x55679752b000,addr,<,0x5567b6dbb000
eager,mmap,1,addr,>,0x55679752b000,addr,<,0x5567b6dbb000
eager,heap,1,addr,>,0x5567b6dc0000,addr,<,0x5567b6e8f000
eager,mmap,1,addr,>,0x5567b6dc0000,addr,<,0x5567b6e8f000
eager,heap,1,addr,>,0x5567b6e91000,addr,<,0x5567c03ff000
eager,mmap,1,addr,>,0x5567b6e91000,addr,<,0x5567c03ff000
eager,heap,1,addr,>,0x5567c0808000,addr,<,0x5567c2979000
eager,mmap,1,addr,>,0x5567c0808000,addr,<,0x5567c2979000
eager,heap,1,addr,>,0x5567c297b000,addr,<,0x5567c7403000
eager,mmap,1,addr,>,0x5567c297b000,addr,<,0x5567c7403000
eager,heap,1,addr,>,0x7fffe1dd0000,addr,<,0x7fffe1ddf000
eager,mmap,1,addr,>,0x7fffe1dd0000,addr,<,0x7fffe1ddf000
eager,heap,1,addr,>,0x7fffe25db000,addr,<,0x7fffe25e0000
eager,mmap,1,addr,>,0x7fffe25db000,addr,<,0x7fffe25e0000
eager,heap,1,addr,>,0x7fffe2dda000,addr,<,0x7fffe2de1000
eager,mmap,1,addr,>,0x7fffe2dda000,addr,<,0x7fffe2de1000
eager,heap,1,addr,>,0x7fffe35d2000,addr,<,0x7fffe35d5000
eager,mmap,1,addr,>,0x7fffe35d2000,addr,<,0x7fffe35d5000
eager,heap,1,addr,>,0x7fffe35d7000,addr,<,0x7fffe35e2000
eager,mmap,1,addr,>,0x7fffe35d7000,addr,<,0x7fffe35e2000
eager,heap,1,addr,>,0x7fffe3de0000,addr,<,0x7fffe3de3000
eager,mmap,1,addr,>,0x7fffe3de0000,addr,<,0x7fffe3de3000
eager,heap,1,addr,>,0x7fffe45e1000,addr,<,0x7fffe45e4000
eager,mmap,1,addr,>,0x7fffe45e1000,addr,<,0x7fffe45e4000
eager,heap,1,addr,>,0x7fffe4de2000,addr,<,0x7fffe4de5000
eager,mmap,1,addr,>,0x7fffe4de2000,addr,<,0x7fffe4de5000
eager,heap,1,addr,>,0x7fffe55e3000,addr,<,0x7fffe55e6000
eager,mmap,1,addr,>,0x7fffe55e3000,addr,<,0x7fffe55e6000
eager,heap,1,addr,>,0x7fffe5de4000,addr,<,0x7fffe5de7000
eager,mmap,1,addr,>,0x7fffe5de4000,addr,<,0x7fffe5de7000
eager,heap,1,addr,>,0x7fffe65e4000,addr,<,0x7fffe65e8000
eager,mmap,1,addr,>,0x7fffe65e4000,addr,<,0x7fffe65e8000
eager,heap,1,addr,>,0x7fffe6de5000,addr,<,0x7fffe6de9000
eager,mmap,1,addr,>,0x7fffe6de5000,addr,<,0x7fffe6de9000
eager,heap,1,addr,>,0x7fffe75e7000,addr,<,0x7fffe75ea000
eager,mmap,1,addr,>,0x7fffe75e7000,addr,<,0x7fffe75ea000
eager,heap,1,addr,>,0x7fffe7de8000,addr,<,0x7fffe7deb000
eager,mmap,1,addr,>,0x7fffe7de8000,addr,<,0x7fffe7deb000
eager,heap,1,addr,>,0x7fffe85e4000,addr,<,0x7fffe85ec000
eager,mmap,1,addr,>,0x7fffe85e4000,addr,<,0x7fffe85ec000
eager,heap,1,addr,>,0x7fffe8dea000,addr,<,0x7fffe8ded000
eager,mmap,1,addr,>,0x7fffe8dea000,addr,<,0x7fffe8ded000
eager,heap,1,addr,>,0x7fffe95e9000,addr,<,0x7fffe95ee000
eager,mmap,1,addr,>,0x7fffe95e9000,addr,<,0x7fffe95ee000
eager,heap,1,addr,>,0x7fffe9dec000,addr,<,0x7fffe9def000
eager,mmap,1,addr,>,0x7fffe9dec000,addr,<,0x7fffe9def000
eager,heap,1,addr,>,0x7fffea5ed000,addr,<,0x7fffea5f0000
eager,mmap,1,addr,>,0x7fffea5ed000,addr,<,0x7fffea5f0000
eager,heap,1,addr,>,0x7fffeade5000,addr,<,0x7fffeadf1000
eager,mmap,1,addr,>,0x7fffeade5000,addr,<,0x7fffeadf1000
eager,heap,1,addr,>,0x7fffeb5ee000,addr,<,0x7fffeb5f2000
eager,mmap,1,addr,>,0x7fffeb5ee000,addr,<,0x7fffeb5f2000
eager,heap,1,addr,>,0x7fffebdf0000,addr,<,0x7fffebdf3000
eager,mmap,1,addr,>,0x7fffebdf0000,addr,<,0x7fffebdf3000
eager,heap,1,addr,>,0x7fffec5f1000,addr,<,0x7fffec5f4000
eager,mmap,1,addr,>,0x7fffec5f1000,addr,<,0x7fffec5f4000
eager,heap,1,addr,>,0x7fffecdea000,addr,<,0x7fffecdf5000
eager,mmap,1,addr,>,0x7fffecdea000,addr,<,0x7fffecdf5000
eager,heap,1,addr,>,0x7fffed5eb000,addr,<,0x7fffed5f6000
eager,mmap,1,addr,>,0x7fffed5eb000,addr,<,0x7fffed5f6000
eager,heap,1,addr,>,0x7fffeddec000,addr,<,0x7fffeddf7000
eager,mmap,1,addr,>,0x7fffeddec000,addr,<,0x7fffeddf7000
eager,heap,1,addr,>,0x7fffee5ed000,addr,<,0x7fffee5f8000
eager,mmap,1,addr,>,0x7fffee5ed000,addr,<,0x7fffee5f8000
eager,heap,1,addr,>,0x7fffeedf4000,addr,<,0x7fffeedf9000
eager,mmap,1,addr,>,0x7fffeedf4000,addr,<,0x7fffeedf9000
eager,heap,1,addr,>,0x7fffef5f7000,addr,<,0x7fffef5fa000
eager,mmap,1,addr,>,0x7fffef5f7000,addr,<,0x7fffef5fa000
eager,heap,1,addr,>,0x7fffefdf8000,addr,<,0x7fffefdfb000
eager,mmap,1,addr,>,0x7fffefdf8000,addr,<,0x7fffefdfb000
eager,heap,1,addr,>,0x7ffff05f9000,addr,<,0x7ffff05fc000
eager,mmap,1,addr,>,0x7ffff05f9000,addr,<,0x7ffff05fc000
eager,heap,1,addr,>,0x7ffff0dfa000,addr,<,0x7ffff0dfd000
eager,mmap,1,addr,>,0x7ffff0dfa000,addr,<,0x7ffff0dfd000
eager,heap,1,addr,>,0x7ffff15fb000,addr,<,0x7ffff15fe000
eager,mmap,1,addr,>,0x7ffff15fb000,addr,<,0x7ffff15fe000
eager,heap,1,addr,>,0x7ffff1c00000,addr,<,0x7ffff1fff000
eager,mmap,1,addr,>,0x7ffff1c00000,addr,<,0x7ffff1fff000
eager,heap,1,addr,>,0x7ffff2200000,addr,<,0x7ffff25ff000
eager,mmap,1,addr,>,0x7ffff2200000,addr,<,0x7ffff25ff000
eager,heap,1,addr,>,0x7ffff263f000,addr,<,0x7ffff2640000
eager,mmap,1,addr,>,0x7ffff263f000,addr,<,0x7ffff2640000
eager,heap,1,addr,>,0x7ffff2840000,addr,<,0x7ffff2845000
eager,mmap,1,addr,>,0x7ffff2840000,addr,<,0x7ffff2845000
eager,heap,1,addr,>,0x7ffff2847000,addr,<,0x7ffff2851000
eager,mmap,1,addr,>,0x7ffff2847000,addr,<,0x7ffff2851000
eager,heap,1,addr,>,0x7ffff2aa2000,addr,<,0x7ffff2aab000
eager,mmap,1,addr,>,0x7ffff2aa2000,addr,<,0x7ffff2aab000
eager,heap,1,addr,>,0x7ffff2cab000,addr,<,0x7ffff2cac000
eager,mmap,1,addr,>,0x7ffff2cab000,addr,<,0x7ffff2cac000
eager,heap,1,addr,>,0x7ffff2cdb000,addr,<,0x7ffff2cea000
eager,mmap,1,addr,>,0x7ffff2cdb000,addr,<,0x7ffff2cea000
eager,heap,1,addr,>,0x7ffff2efe000,addr,<,0x7ffff2f00000
eager,mmap,1,addr,>,0x7ffff2efe000,addr,<,0x7ffff2f00000
eager,heap,1,addr,>,0x7ffff2f02000,addr,<,0x7ffff2f11000
eager,mmap,1,addr,>,0x7ffff2f02000,addr,<,0x7ffff2f11000
eager,heap,1,addr,>,0x7ffff311d000,addr,<,0x7ffff3121000
eager,mmap,1,addr,>,0x7ffff311d000,addr,<,0x7ffff3121000
eager,heap,1,addr,>,0x7ffff3321000,addr,<,0x7ffff3330000
eager,mmap,1,addr,>,0x7ffff3321000,addr,<,0x7ffff3330000
eager,heap,1,addr,>,0x7ffff3531000,addr,<,0x7ffff3536000
eager,mmap,1,addr,>,0x7ffff3531000,addr,<,0x7ffff3536000
eager,heap,1,addr,>,0x7ffff3538000,addr,<,0x7ffff3542000
eager,mmap,1,addr,>,0x7ffff3538000,addr,<,0x7ffff3542000
eager,heap,1,addr,>,0x7ffff3747000,addr,<,0x7ffff3758000
eager,mmap,1,addr,>,0x7ffff3747000,addr,<,0x7ffff3758000
eager,heap,1,addr,>,0x7ffff399b000,addr,<,0x7ffff39ab000
eager,mmap,1,addr,>,0x7ffff399b000,addr,<,0x7ffff39ab000
eager,heap,1,addr,>,0x7ffff3bab000,addr,<,0x7ffff3baf000
eager,mmap,1,addr,>,0x7ffff3bab000,addr,<,0x7ffff3baf000
eager,heap,1,addr,>,0x7ffff3daf000,addr,<,0x7ffff3dc0000
eager,mmap,1,addr,>,0x7ffff3daf000,addr,<,0x7ffff3dc0000
eager,heap,1,addr,>,0x7ffff3fe1000,addr,<,0x7ffff3ff3000
eager,mmap,1,addr,>,0x7ffff3fe1000,addr,<,0x7ffff3ff3000
eager,heap,1,addr,>,0x7ffff42bc000,addr,<,0x7ffff42dc000
eager,mmap,1,addr,>,0x7ffff42bc000,addr,<,0x7ffff42dc000
eager,heap,1,addr,>,0x7ffff4517000,addr,<,0x7ffff454f000
eager,mmap,1,addr,>,0x7ffff4517000,addr,<,0x7ffff454f000
eager,heap,1,addr,>,0x7ffff4753000,addr,<,0x7ffff4755000
eager,mmap,1,addr,>,0x7ffff4753000,addr,<,0x7ffff4755000
eager,heap,1,addr,>,0x7ffff4757000,addr,<,0x7ffff475b000
eager,mmap,1,addr,>,0x7ffff4757000,addr,<,0x7ffff475b000
eager,heap,1,addr,>,0x7ffff495b000,addr,<,0x7ffff495f000
eager,mmap,1,addr,>,0x7ffff495b000,addr,<,0x7ffff495f000
eager,heap,1,addr,>,0x7ffff4b5f000,addr,<,0x7ffff4b70000
eager,mmap,1,addr,>,0x7ffff4b5f000,addr,<,0x7ffff4b70000
eager,heap,1,addr,>,0x7ffff4d89000,addr,<,0x7ffff4da0000
eager,mmap,1,addr,>,0x7ffff4d89000,addr,<,0x7ffff4da0000
eager,heap,1,addr,>,0x7ffff50bd000,addr,<,0x7ffff50c4000
eager,mmap,1,addr,>,0x7ffff50bd000,addr,<,0x7ffff50c4000
eager,heap,1,addr,>,0x7ffff50c6000,addr,<,0x7ffff50d5000
eager,mmap,1,addr,>,0x7ffff50c6000,addr,<,0x7ffff50d5000
eager,heap,1,addr,>,0x7ffff52ea000,addr,<,0x7ffff52fd000
eager,mmap,1,addr,>,0x7ffff52ea000,addr,<,0x7ffff52fd000
eager,heap,1,addr,>,0x7ffff5545000,addr,<,0x7ffff5549000
eager,mmap,1,addr,>,0x7ffff5545000,addr,<,0x7ffff5549000
eager,heap,1,addr,>,0x7ffff554b000,addr,<,0x7ffff555a000
eager,mmap,1,addr,>,0x7ffff554b000,addr,<,0x7ffff555a000
eager,heap,1,addr,>,0x7ffff5776000,addr,<,0x7ffff5787000
eager,mmap,1,addr,>,0x7ffff5776000,addr,<,0x7ffff5787000
eager,heap,1,addr,>,0x7ffff5790000,addr,<,0x7ffff579f000
eager,mmap,1,addr,>,0x7ffff5790000,addr,<,0x7ffff579f000
eager,heap,1,addr,>,0x7ffff59a9000,addr,<,0x7ffff5b0c000
eager,mmap,1,addr,>,0x7ffff59a9000,addr,<,0x7ffff5b0c000
eager,heap,1,addr,>,0x7ffff5b0e000,addr,<,0x7ffff5b3a000
eager,mmap,1,addr,>,0x7ffff5b0e000,addr,<,0x7ffff5b3a000
eager,heap,1,addr,>,0x7ffff5b3c000,addr,<,0x7ffff5b3f000
eager,mmap,1,addr,>,0x7ffff5b3c000,addr,<,0x7ffff5b3f000
eager,heap,1,addr,>,0x7ffff5d6e000,addr,<,0x7ffff5d75000
eager,mmap,1,addr,>,0x7ffff5d6e000,addr,<,0x7ffff5d75000
eager,heap,1,addr,>,0x7ffff5d77000,addr,<,0x7ffff5f77000
eager,mmap,1,addr,>,0x7ffff5d77000,addr,<,0x7ffff5f77000
eager,heap,1,addr,>,0x7ffff5d79000,addr,<,0x7ffff5d8f000
eager,mmap,1,addr,>,0x7ffff5d79000,addr,<,0x7ffff5d8f000
eager,heap,1,addr,>,0x7ffff5f8f000,addr,<,0x7ffff5f90000
eager,mmap,1,addr,>,0x7ffff5f8f000,addr,<,0x7ffff5f90000
eager,heap,1,addr,>,0x7ffff5f94000,addr,<,0x7ffff5f98000
eager,mmap,1,addr,>,0x7ffff5f94000,addr,<,0x7ffff5f98000
eager,heap,1,addr,>,0x7ffff5f9a000,addr,<,0x7ffff5fa9000
eager,mmap,1,addr,>,0x7ffff5f9a000,addr,<,0x7ffff5fa9000
eager,heap,1,addr,>,0x7ffff61a9000,addr,<,0x7ffff61ba000
eager,mmap,1,addr,>,0x7ffff61a9000,addr,<,0x7ffff61ba000
eager,heap,1,addr,>,0x7ffff64ab000,addr,<,0x7ffff651f000
eager,mmap,1,addr,>,0x7ffff64ab000,addr,<,0x7ffff651f000
eager,heap,1,addr,>,0x7ffff6521000,addr,<,0x7ffff6568000
eager,mmap,1,addr,>,0x7ffff6521000,addr,<,0x7ffff6568000
eager,heap,1,addr,>,0x7ffff656a000,addr,<,0x7ffff657f000
eager,mmap,1,addr,>,0x7ffff656a000,addr,<,0x7ffff657f000
eager,heap,1,addr,>,0x7ffff6796000,addr,<,0x7ffff679f000
eager,mmap,1,addr,>,0x7ffff6796000,addr,<,0x7ffff679f000
eager,heap,1,addr,>,0x7ffff67b1000,addr,<,0x7ffff67bb000
eager,mmap,1,addr,>,0x7ffff67b1000,addr,<,0x7ffff67bb000
eager,heap,1,addr,>,0x7ffff69bb000,addr,<,0x7ffff69be000
eager,mmap,1,addr,>,0x7ffff69bb000,addr,<,0x7ffff69be000
eager,heap,1,addr,>,0x7ffff6bbf000,addr,<,0x7ffff6bdf000
eager,mmap,1,addr,>,0x7ffff6bbf000,addr,<,0x7ffff6bdf000
eager,heap,1,addr,>,0x7ffff6c00000,addr,<,0x7ffff6c1f000
eager,mmap,1,addr,>,0x7ffff6c00000,addr,<,0x7ffff6c1f000
eager,heap,1,addr,>,0x7ffff6e28000,addr,<,0x7ffff6e6f000
eager,mmap,1,addr,>,0x7ffff6e28000,addr,<,0x7ffff6e6f000
eager,heap,1,addr,>,0x7ffff6e90000,addr,<,0x7ffff6ebf000
eager,mmap,1,addr,>,0x7ffff6e90000,addr,<,0x7ffff6ebf000
eager,heap,1,addr,>,0x7ffff6ee0000,addr,<,0x7ffff6eef000
eager,mmap,1,addr,>,0x7ffff6ee0000,addr,<,0x7ffff6eef000
eager,heap,1,addr,>,0x7ffff6f00000,addr,<,0x7ffff6f1f000
eager,mmap,1,addr,>,0x7ffff6f00000,addr,<,0x7ffff6f1f000
eager,heap,1,addr,>,0x7ffff6f30000,addr,<,0x7ffff6f98000
eager,mmap,1,addr,>,0x7ffff6f30000,addr,<,0x7ffff6f98000
eager,heap,1,addr,>,0x7ffff6f9a000,addr,<,0x7ffff6fb8000
eager,mmap,1,addr,>,0x7ffff6f9a000,addr,<,0x7ffff6fb8000
eager,heap,1,addr,>,0x7ffff6fba000,addr,<,0x7ffff6fc8000
eager,mmap,1,addr,>,0x7ffff6fba000,addr,<,0x7ffff6fc8000
eager,heap,1,addr,>,0x7ffff6fca000,addr,<,0x7ffff6fdf000
eager,mmap,1,addr,>,0x7ffff6fca000,addr,<,0x7ffff6fdf000
eager,heap,1,addr,>,0x7ffff7010000,addr,<,0x7ffff7023000
eager,mmap,1,addr,>,0x7ffff7010000,addr,<,0x7ffff7023000
eager,heap,1,addr,>,0x7ffff7025000,addr,<,0x7ffff702f000
eager,mmap,1,addr,>,0x7ffff7025000,addr,<,0x7ffff702f000
eager,heap,1,addr,>,0x7ffff7269000,addr,<,0x7ffff72a5000
eager,mmap,1,addr,>,0x7ffff7269000,addr,<,0x7ffff72a5000
eager,heap,1,addr,>,0x7ffff74ac000,addr,<,0x7ffff74ad000
eager,mmap,1,addr,>,0x7ffff74ac000,addr,<,0x7ffff74ad000
eager,heap,1,addr,>,0x7ffff74b0000,addr,<,0x7ffff750f000
eager,mmap,1,addr,>,0x7ffff74b0000,addr,<,0x7ffff750f000
eager,heap,1,addr,>,0x7ffff7716000,addr,<,0x7ffff7729000
eager,mmap,1,addr,>,0x7ffff7716000,addr,<,0x7ffff7729000
eager,heap,1,addr,>,0x7ffff793e000,addr,<,0x7ffff795f000
eager,mmap,1,addr,>,0x7ffff793e000,addr,<,0x7ffff795f000
eager,heap,1,addr,>,0x7ffff7980000,addr,<,0x7ffff799b000
eager,mmap,1,addr,>,0x7ffff7980000,addr,<,0x7ffff799b000
eager,heap,1,addr,>,0x7ffff799d000,addr,<,0x7ffff799f000
eager,mmap,1,addr,>,0x7ffff799d000,addr,<,0x7ffff799f000
eager,heap,1,addr,>,0x7ffff79b0000,addr,<,0x7ffff79bf000
eager,mmap,1,addr,>,0x7ffff79b0000,addr,<,0x7ffff79bf000
eager,heap,1,addr,>,0x7ffff7bc3000,addr,<,0x7ffff7bc8000
eager,mmap,1,addr,>,0x7ffff7bc3000,addr,<,0x7ffff7bc8000
eager,heap,1,addr,>,0x7ffff7bd0000,addr,<,0x7ffff7bd8000
eager,mmap,1,addr,>,0x7ffff7bd0000,addr,<,0x7ffff7bd8000
eager,heap,1,addr,>,0x7ffff7cd8000,addr,<,0x7ffff7ed8000
eager,mmap,1,addr,>,0x7ffff7cd8000,addr,<,0x7ffff7ed8000
eager,heap,1,addr,>,0x7ffff7dd8000,addr,<,0x7ffff7dfc000
eager,mmap,1,addr,>,0x7ffff7dd8000,addr,<,0x7ffff7dfc000
eager,heap,1,addr,>,0x7ffff7fc8000,addr,<,0x7ffff7fe5000
eager,mmap,1,addr,>,0x7ffff7fc8000,addr,<,0x7ffff7fe5000
eager,heap,1,addr,>,0x7ffff7ff7000,addr,<,0x7ffff81f7000
eager,mmap,1,addr,>,0x7ffff7ff7000,addr,<,0x7ffff81f7000
eager,heap,1,addr,>,0x7ffff7ffb000,addr,<,0x7ffff7ffe000
eager,mmap,1,addr,>,0x7ffff7ffb000,addr,<,0x7ffff7ffe000
eager,heap,1,addr,>,0x7fffffff3000,addr,<,0x7fffffff6000
eager,mmap,1,addr,>,0x7fffffff3000,addr,<,0x7fffffff6000
eager,heap,1,addr,>,0x7fffffff8000,addr,<,0x7fffffffe000
eager,mmap,1,addr,>,0x7fffffff8000,addr,<,0x7fffffffe000
