huge,heap,13687809
huge,mmap,13687809
eager,heap,1,addr,>,0x400000,addr,<,0x42f000
eager,mmap,1,addr,>,0x400000,addr,<,0x42f000
eager,heap,1,addr,>,0x634000,addr,<,0x637000
eager,mmap,1,addr,>,0x634000,addr,<,0x637000
eager,heap,1,addr,>,0x63b000,addr,<,0x83b000
eager,mmap,1,addr,>,0x63b000,addr,<,0x83b000
eager,heap,1,addr,>,0x7fcbefc00000,addr,<,0x7fcbf05ff000
eager,mmap,1,addr,>,0x7fcbefc00000,addr,<,0x7fcbf05ff000
eager,heap,1,addr,>,0x7fcbf0e00000,addr,<,0x7fcbf31ff000
eager,mmap,1,addr,>,0x7fcbf0e00000,addr,<,0x7fcbf31ff000
eager,heap,1,addr,>,0x7fcbf337d000,addr,<,0x7fcbf3422000
eager,mmap,1,addr,>,0x7fcbf337d000,addr,<,0x7fcbf3422000
eager,heap,1,addr,>,0x7fcbf3dfa000,addr,<,0x7fcbf3dfd000
eager,mmap,1,addr,>,0x7fcbf3dfa000,addr,<,0x7fcbf3dfd000
eager,heap,1,addr,>,0x7fcbf45fb000,addr,<,0x7fcbf45fe000
eager,mmap,1,addr,>,0x7fcbf45fb000,addr,<,0x7fcbf45fe000
eager,heap,1,addr,>,0x7fcbf4c00000,addr,<,0x7fcbf53ff000
eager,mmap,1,addr,>,0x7fcbf4c00000,addr,<,0x7fcbf53ff000
eager,heap,1,addr,>,0x7fcbf5600000,addr,<,0x7fdeb55ff000
eager,mmap,1,addr,>,0x7fcbf5600000,addr,<,0x7fdeb55ff000
eager,heap,1,addr,>,0x7fe7f5600000,addr,<,0x7fe7f59ff000
eager,mmap,1,addr,>,0x7fe7f5600000,addr,<,0x7fe7f59ff000
eager,heap,1,addr,>,0x7fe7f5c00000,addr,<,0x7ffab5dff000
eager,mmap,1,addr,>,0x7fe7f5c00000,addr,<,0x7ffab5dff000
eager,heap,1,addr,>,0x7ffbf5c00000,addr,<,0x7ffc75dff000
eager,mmap,1,addr,>,0x7ffbf5c00000,addr,<,0x7ffc75dff000
eager,heap,1,addr,>,0x7ffff5c00000,addr,<,0x7ffff5fff000
eager,mmap,1,addr,>,0x7ffff5c00000,addr,<,0x7ffff5fff000
eager,heap,1,addr,>,0x7ffff6200000,addr,<,0x7ffff65ff000
eager,mmap,1,addr,>,0x7ffff6200000,addr,<,0x7ffff65ff000
eager,heap,1,addr,>,0x7ffff670c000,addr,<,0x7ffff670f000
eager,mmap,1,addr,>,0x7ffff670c000,addr,<,0x7ffff670f000
eager,heap,1,addr,>,0x7ffff6711000,addr,<,0x7ffff671b000
eager,mmap,1,addr,>,0x7ffff6711000,addr,<,0x7ffff671b000
eager,heap,1,addr,>,0x7ffff6920000,addr,<,0x7ffff6923000
eager,mmap,1,addr,>,0x7ffff6920000,addr,<,0x7ffff6923000
eager,heap,1,addr,>,0x7ffff6b24000,addr,<,0x7ffff6b8f000
eager,mmap,1,addr,>,0x7ffff6b24000,addr,<,0x7ffff6b8f000
eager,heap,1,addr,>,0x7ffff6bd0000,addr,<,0x7ffff6be1000
eager,mmap,1,addr,>,0x7ffff6bd0000,addr,<,0x7ffff6be1000
eager,heap,1,addr,>,0x7ffff6be3000,addr,<,0x7ffff6bef000
eager,mmap,1,addr,>,0x7ffff6be3000,addr,<,0x7ffff6bef000
eager,heap,1,addr,>,0x7ffff6e0f000,addr,<,0x7ffff6e18000
eager,mmap,1,addr,>,0x7ffff6e0f000,addr,<,0x7ffff6e18000
eager,heap,1,addr,>,0x7ffff6e2a000,addr,<,0x7ffff702a000
eager,mmap,1,addr,>,0x7ffff6e2a000,addr,<,0x7ffff702a000
eager,heap,1,addr,>,0x7ffff6e2c000,addr,<,0x7ffff6e45000
eager,mmap,1,addr,>,0x7ffff6e2c000,addr,<,0x7ffff6e45000
eager,heap,1,addr,>,0x7ffff6e47000,addr,<,0x7ffff6e4d000
eager,mmap,1,addr,>,0x7ffff6e47000,addr,<,0x7ffff6e4d000
eager,heap,1,addr,>,0x7ffff6e4f000,addr,<,0x7ffff6e5f000
eager,mmap,1,addr,>,0x7ffff6e4f000,addr,<,0x7ffff6e5f000
eager,heap,1,addr,>,0x7ffff712e000,addr,<,0x7ffff71ff000
eager,mmap,1,addr,>,0x7ffff712e000,addr,<,0x7ffff71ff000
eager,heap,1,addr,>,0x7ffff7210000,addr,<,0x7ffff724f000
eager,mmap,1,addr,>,0x7ffff7210000,addr,<,0x7ffff724f000
eager,heap,1,addr,>,0x7ffff7260000,addr,<,0x7ffff7291000
eager,mmap,1,addr,>,0x7ffff7260000,addr,<,0x7ffff7291000
eager,heap,1,addr,>,0x7ffff7293000,addr,<,0x7ffff72bf000
eager,mmap,1,addr,>,0x7ffff7293000,addr,<,0x7ffff72bf000
eager,heap,1,addr,>,0x7ffff74f3000,addr,<,0x7ffff74fa000
eager,mmap,1,addr,>,0x7ffff74f3000,addr,<,0x7ffff74fa000
eager,heap,1,addr,>,0x7ffff74fc000,addr,<,0x7ffff76fc000
eager,mmap,1,addr,>,0x7ffff74fc000,addr,<,0x7ffff76fc000
eager,heap,1,addr,>,0x7ffff74fe000,addr,<,0x7ffff750f000
eager,mmap,1,addr,>,0x7ffff74fe000,addr,<,0x7ffff750f000
eager,heap,1,addr,>,0x7ffff7714000,addr,<,0x7ffff7715000
eager,mmap,1,addr,>,0x7ffff7714000,addr,<,0x7ffff7715000
eager,heap,1,addr,>,0x7ffff7719000,addr,<,0x7ffff7729000
eager,mmap,1,addr,>,0x7ffff7719000,addr,<,0x7ffff7729000
eager,heap,1,addr,>,0x7ffff7730000,addr,<,0x7ffff773e000
eager,mmap,1,addr,>,0x7ffff7730000,addr,<,0x7ffff773e000
eager,heap,1,addr,>,0x7ffff793e000,addr,<,0x7ffff795f000
eager,mmap,1,addr,>,0x7ffff793e000,addr,<,0x7ffff795f000
eager,heap,1,addr,>,0x7ffff7980000,addr,<,0x7ffff799b000
eager,mmap,1,addr,>,0x7ffff7980000,addr,<,0x7ffff799b000
eager,heap,1,addr,>,0x7ffff799d000,addr,<,0x7ffff79bf000
eager,mmap,1,addr,>,0x7ffff799d000,addr,<,0x7ffff79bf000
eager,heap,1,addr,>,0x7ffff7bc3000,addr,<,0x7ffff7bc8000
eager,mmap,1,addr,>,0x7ffff7bc3000,addr,<,0x7ffff7bc8000
eager,heap,1,addr,>,0x7ffff7bd0000,addr,<,0x7ffff7bd8000
eager,mmap,1,addr,>,0x7ffff7bd0000,addr,<,0x7ffff7bd8000
eager,heap,1,addr,>,0x7ffff7cd7000,addr,<,0x7ffff7cd8000
eager,mmap,1,addr,>,0x7ffff7cd7000,addr,<,0x7ffff7cd8000
eager,heap,1,addr,>,0x7ffff7dd8000,addr,<,0x7ffff7dfc000
eager,mmap,1,addr,>,0x7ffff7dd8000,addr,<,0x7ffff7dfc000
eager,heap,1,addr,>,0x7ffff7fdd000,addr,<,0x7ffff7fe5000
eager,mmap,1,addr,>,0x7ffff7fdd000,addr,<,0x7ffff7fe5000
eager,heap,1,addr,>,0x7ffff7ff6000,addr,<,0x7ffff7ff7000
eager,mmap,1,addr,>,0x7ffff7ff6000,addr,<,0x7ffff7ff7000
eager,heap,1,addr,>,0x7ffff7ffb000,addr,<,0x7ffff7ffe000
eager,mmap,1,addr,>,0x7ffff7ffb000,addr,<,0x7ffff7ffe000
eager,heap,1,addr,>,0x7fffffff9000,addr,<,0x7fffffffe000
eager,mmap,1,addr,>,0x7fffffff9000,addr,<,0x7fffffffe000
